"bed","dauer.t1","case","ok.t1","swb1.t1","swb2.t1","swb3.t1","swb4.t1","swb5.t1","swb6.t1","swb7.t1","swb8.t1","swb9.t1","swb10.t1","swb11.t1","swb12.t1","t1.t1","t2.t1","t3.t1","t4.t1","t5.t1","t6.t1","t7.t1","t8.t1","gbk1.t1","gbk2.t1","gbk3.t1","gbk4.t1","gbk5.t1","gbk6.t1","gbk8.t1","gbk9.t1","gbk10.t1","gbk11.t1","gbk12.t1","check.t1","gbk13.t1","gbk14.t1","gbk15.t1","gbk16.t1","gbk17.t1","gbk18.t1","sv1.t1","sv2.t1","sv3.t1","sv4.t1","sv5.t1","sv6.t1","sv7.t1","sv8.t1","sv9.t1","sv10.t1","sv11.t1","sv12.t1","sv13.t1","sv14.t1","sv15.t1","sv16.t1","sv17.t1","sv18.t1","so1.t1","so2.t1","so3.t1","so4.t1","so5.t1","so6.t1","so7.t1","so8.t1","so9.t1","so10.t1","so11.t1","so12.t1","so13.t1","sr1.t1","sr2.t1","sr3.t1","sr4.t1","sr5.t1","sr6.t1","sr7.t1","age.t1","gender.t1","edu.t1","income.t1","pol_orient.t1","gender.t1.d"
0,728,1,1,4,4,4,4,4,4,2,2,3,2,1,1,2,3,1,2,3,2,2,1,5,4,1,1,1,6,1,5,1,1,2,4,6,6,6,1,2,1,7,7,7,7,7,7,7,7,7,7,7,5,5,5,6,6,2,2,4,3,3,2,4,4,3,4,4,4,5,4,4,3,3,3,3,3,2,3,63,1,7,6,24,1
1,1034,2,1,2,3,3,2,1,3,3,3,4,4,3,1,4,1,4,2,1,5,3,4,2,1,1,1,1,5,5,5,5,5,4,7,7,3,5,7,2,2,7,7,7,7,5,5,4,4,4,4,4,6,6,5,7,5,6,2,4,3,5,2,5,1,3,3,3,5,3,4,4,3,5,4,3,3,5,5,24,1,3,2,37,1
1,559,3,1,4,4,4,4,3,3,2,2,3,2,1,3,3,2,4,5,2,5,4,4,2,5,5,5,5,5,5,6,2,2,5,4,4,5,5,2,5,2,5,5,5,3,2,6,6,6,2,6,6,6,6,6,6,6,2,6,4,3,4,3,2,2,4,5,4,4,4,5,5,5,4,4,5,4,5,4,18,1,3,2,31,1
0,662,4,1,4,4,3,3,4,3,3,3,3,1,2,1,4,3,4,2,2,4,2,4,6,4,5,1,2,2,1,1,5,5,5,4,6,6,6,3,2,1,7,7,7,7,7,7,7,7,7,7,7,3,3,3,3,6,7,6,4,5,5,2,5,5,4,5,5,5,5,5,5,2,4,2,2,2,4,2,25,1,5,3,25,1
0,885,5,1,3,3,2,2,2,2,3,3,4,4,2,3,3,3,3,4,3,4,4,4,6,6,2,3,1,5,2,4,2,1,3,4,3,3,5,5,5,3,5,3,5,2,2,3,4,5,3,3,2,7,6,6,5,2,2,4,3,3,2,3,5,2,3,4,5,4,5,4,4,2,4,2,2,2,2,2,18,1,3,3,27,1
1,730,6,1,1,1,1,1,1,1,5,5,5,5,5,4,2,3,1,4,2,1,3,1,7,4,1,1,1,5,1,4,1,1,6,4,6,6,4,3,7,6,5,6,6,5,5,5,3,5,5,2,5,1,5,1,1,5,5,6,4,4,1,2,4,5,1,5,5,5,5,5,5,3,4,1,4,3,1,4,47,1,3,6,1,1
1,393,7,1,2,2,3,2,2,3,4,4,3,4,4,4,4,2,3,4,2,5,2,5,3,5,3,2,3,5,4,5,5,5,5,4,6,5,4,6,2,2,6,6,6,6,6,6,6,5,5,5,5,6,6,5,4,5,2,2,5,4,3,1,5,5,4,5,5,5,5,5,5,3,4,2,2,3,5,4,23,1,5,4,5,1
1,532,8,1,4,4,4,3,5,3,2,2,3,3,1,1,3,5,4,4,2,5,3,5,5,5,1,3,3,7,1,5,7,1,7,4,7,7,7,1,5,5,7,7,7,7,7,7,7,7,6,7,7,6,6,6,6,6,1,1,4,1,2,2,3,4,5,5,5,5,3,4,3,4,4,4,4,2,4,2,50,1,4,3,52,1
1,724,9,1,4,3,3,3,2,3,2,2,2,2,1,2,4,1,5,2,1,5,1,4,5,7,2,1,2,7,4,4,1,1,6,4,5,2,6,2,5,5,7,5,7,7,7,7,6,7,5,5,6,7,6,7,7,2,2,2,4,4,4,2,4,5,3,5,3,4,4,5,5,2,4,2,3,2,2,4,29,1,4,3,32,1
0,1646,10,1,4,4,3,3,4,4,2,2,2,1,1,1,4,1,3,1,1,4,2,3,6,6,1,1,1,6,2,6,1,1,6,4,7,7,7,1,1,2,5,5,5,5,5,5,5,6,6,5,5,6,6,6,3,2,2,2,5,2,5,2,5,5,3,5,4,5,5,5,5,2,5,2,5,2,1,4,61,2,7,6,60,0
1,989,11,1,4,3,4,4,3,4,1,2,2,3,3,4,5,1,4,1,1,5,1,5,5,4,4,3,4,5,4,4,1,1,5,4,5,5,5,1,3,1,5,2,3,3,6,5,5,3,2,5,2,2,6,2,2,5,2,2,4,1,2,4,4,3,3,4,4,3,4,4,4,2,3,1,1,2,4,1,54,1,6,4,49,1
1,729,12,1,5,5,5,5,5,5,1,1,1,2,1,1,2,5,1,4,5,4,4,1,7,7,1,1,1,6,1,4,1,1,5,4,7,7,7,1,1,1,7,7,7,6,6,6,6,6,6,6,6,5,5,5,5,5,5,6,4,2,3,2,5,5,4,5,5,5,5,5,5,4,4,3,4,3,2,4,43,1,6,5,24,1
0,1239,13,1,5,5,5,4,4,5,1,1,1,1,1,1,1,5,1,5,5,1,5,1,6,7,2,1,1,5,1,4,1,1,5,4,7,7,6,2,2,1,7,7,7,7,7,7,5,6,6,6,5,5,5,3,6,6,6,6,4,4,2,3,4,3,3,5,5,5,5,5,5,2,4,2,4,4,3,4,34,1,5,4,8,1
0,676,14,1,5,5,4,5,3,4,1,1,1,2,1,2,2,5,1,5,5,2,4,1,6,5,1,1,1,7,4,7,1,3,5,4,7,6,6,3,1,1,7,7,7,5,6,7,7,7,7,7,7,4,6,5,5,5,3,5,4,4,5,2,5,5,3,5,5,5,5,5,5,3,3,2,4,3,2,4,25,1,5,3,36,1
1,385,15,1,4,4,4,4,4,3,3,3,2,1,4,2,3,4,3,2,2,4,2,3,6,6,5,2,2,5,5,6,2,2,5,4,7,7,7,2,2,2,7,7,7,7,7,7,7,7,7,7,7,6,6,6,5,6,5,2,4,4,3,3,4,5,3,5,4,5,5,4,4,4,4,4,4,3,5,4,30,1,6,4,19,1
1,618,16,1,3,3,3,3,3,3,3,3,4,2,3,3,4,2,4,2,2,3,2,3,5,4,2,1,2,5,3,6,2,2,6,4,6,6,6,2,2,1,5,5,4,6,6,4,6,6,5,5,6,5,6,3,6,4,5,2,4,3,4,2,4,3,4,3,4,4,4,3,3,3,2,2,4,3,3,4,36,2,3,6,53,0
0,264,17,1,4,4,4,5,4,5,2,2,2,2,2,1,4,3,3,4,1,5,3,3,7,5,1,1,1,6,5,5,3,3,7,4,6,6,7,1,1,1,6,6,5,6,7,7,7,7,2,5,6,6,7,6,7,3,7,5,4,5,4,2,5,5,5,5,5,5,5,5,5,1,4,3,4,1,1,4,26,1,6,4,8,1
0,531,18,1,5,5,5,5,5,5,1,1,1,1,1,3,3,2,3,5,3,2,4,3,7,7,1,1,1,7,1,7,1,1,7,4,7,7,6,1,2,5,7,7,7,7,7,7,7,7,7,7,7,7,7,7,7,7,7,7,5,5,4,2,5,5,5,5,5,5,5,5,5,3,4,3,4,3,1,4,37,2,6,7,15,0
0,1287,19,1,5,5,5,5,5,5,3,2,1,1,1,1,2,3,2,4,3,4,3,2,6,4,1,2,4,5,4,5,2,2,3,4,5,5,5,2,5,5,5,4,5,4,4,4,4,3,3,3,4,3,5,4,2,2,2,2,2,2,1,4,2,2,2,2,3,3,4,4,4,2,2,2,3,2,3,2,0,1,6,4,25,1
0,592,20,1,4,4,4,4,3,3,2,3,2,2,1,3,2,4,2,4,4,2,4,2,7,5,2,4,3,5,3,4,3,1,2,4,6,5,5,3,3,3,5,5,5,5,4,6,5,6,5,6,5,2,2,2,2,5,3,2,4,4,3,2,4,5,2,4,2,3,4,4,4,3,4,3,4,3,2,4,26,1,5,6,27,1
1,654,21,1,4,4,4,4,3,4,2,1,2,1,1,2,3,2,4,3,3,2,3,3,5,4,1,1,1,6,1,4,1,1,5,4,7,7,6,1,1,3,6,6,6,5,2,4,5,5,5,5,5,6,6,5,5,5,2,5,3,2,3,3,4,5,2,5,4,5,5,5,5,2,2,3,3,3,3,2,52,2,3,7,52,0
1,1120,22,1,4,4,5,3,3,4,2,2,2,2,1,2,2,4,1,4,3,1,5,2,7,6,1,6,1,2,2,6,1,1,6,4,7,6,6,1,1,2,5,6,6,6,7,6,7,7,6,6,6,5,6,5,6,2,2,4,4,4,3,2,3,5,4,5,4,4,4,4,3,2,2,2,2,2,4,2,59,2,2,4,25,0
1,1800,23,1,3,3,2,3,3,3,4,4,4,3,4,2,2,4,3,2,3,2,2,2,2,5,5,3,3,5,5,4,5,2,2,4,3,6,6,3,6,6,6,6,6,6,6,6,6,6,6,6,6,6,6,6,7,5,1,1,4,4,2,2,5,3,3,4,4,4,5,4,5,4,4,4,4,4,3,4,23,1,5,3,34,1
1,1435,24,1,4,4,4,3,4,3,3,3,3,3,3,1,3,3,2,2,3,5,3,2,5,5,5,3,3,5,5,4,5,5,3,4,5,5,5,5,5,3,5,5,5,5,5,5,5,4,5,5,5,3,5,3,2,3,2,2,3,4,4,3,5,4,3,5,5,4,5,4,4,2,4,3,4,3,4,4,52,1,6,5,10,1
0,910,25,1,4,4,4,4,3,4,1,3,1,1,1,2,1,4,1,4,4,1,4,1,7,7,1,1,1,7,1,6,1,1,6,4,6,5,7,1,5,3,6,7,6,6,6,7,6,7,7,6,7,7,6,6,7,2,5,2,5,4,2,1,5,4,3,5,5,5,5,5,5,1,2,2,3,1,1,2,67,1,4,7,1,1
0,818,26,1,4,5,3,4,3,4,1,1,1,2,3,1,2,3,2,3,2,3,4,1,6,4,1,1,1,7,4,4,1,2,5,4,5,6,6,1,1,3,5,6,6,4,5,5,5,5,4,4,4,6,5,6,2,6,5,4,5,3,4,2,5,4,5,4,5,5,5,5,5,2,4,3,4,2,4,4,20,2,3,3,13,0
1,1001,27,1,3,4,4,3,3,3,2,2,3,2,2,1,3,5,3,5,5,1,5,1,6,5,3,1,1,5,4,4,5,5,6,4,6,6,6,5,1,5,4,5,6,6,5,4,5,5,5,5,6,6,5,6,6,5,5,2,3,3,4,3,4,4,3,5,3,4,4,5,4,3,3,3,4,3,5,4,23,1,5,4,20,1
0,6417,28,1,3,3,2,3,3,3,2,2,4,1,2,3,1,4,2,4,5,1,4,2,6,5,3,2,2,5,2,4,5,4,5,4,3,3,5,5,3,1,5,5,7,5,7,7,5,5,5,5,5,2,2,2,6,4,5,6,3,3,4,1,5,3,4,3,3,4,5,5,4,1,2,2,4,1,2,1,18,1,3,2,14,1
0,378,29,1,4,4,4,3,3,4,2,3,3,2,3,1,5,1,5,3,2,5,2,5,6,2,1,1,2,2,1,2,5,1,6,4,7,7,7,5,1,2,7,7,7,7,7,7,7,7,7,7,7,7,7,7,7,7,7,7,5,5,5,3,5,5,4,5,5,5,5,5,5,2,5,2,5,3,1,5,27,1,5,3,6,1
0,599,30,1,4,4,3,4,3,3,2,2,2,3,2,1,1,5,1,4,5,2,5,2,7,4,1,1,1,6,4,5,2,2,6,4,5,3,4,3,1,3,7,7,7,7,7,7,7,7,7,7,7,2,3,2,2,6,6,6,4,4,5,1,4,2,4,3,3,5,4,3,4,2,2,2,1,2,4,2,20,1,3,3,6,1
1,640,31,1,4,4,3,3,2,3,3,3,4,4,1,3,4,2,3,3,2,2,2,4,7,5,1,3,2,5,6,5,2,3,5,4,7,5,5,5,7,7,7,7,7,5,7,7,5,6,5,5,5,3,2,2,4,3,6,5,5,5,4,2,5,3,4,4,5,5,5,5,5,3,5,4,4,4,2,4,26,1,5,3,3,1
1,749,32,1,4,4,4,3,3,4,1,3,2,2,1,1,4,3,2,2,2,2,2,3,6,4,1,1,1,6,4,7,1,1,7,4,6,6,6,1,1,5,6,7,7,7,7,7,6,7,5,6,5,7,7,7,7,4,4,4,4,4,4,2,5,5,4,5,4,4,5,5,5,3,5,3,5,3,1,5,64,2,6,7,50,0
1,915,33,1,3,2,2,2,1,2,3,4,3,3,3,1,2,3,2,2,2,2,3,4,3,3,5,1,3,3,2,3,5,2,1,4,4,4,3,5,3,3,5,5,5,7,7,7,7,7,7,7,7,6,6,6,7,6,5,5,5,4,3,2,4,5,3,4,5,5,4,5,4,4,2,2,3,4,4,2,24,2,3,4,26,0
0,552,34,1,3,3,3,3,3,3,3,3,3,3,2,4,3,3,4,2,3,4,3,5,6,3,5,3,4,5,3,5,4,5,3,4,6,5,5,4,4,5,5,5,5,5,5,5,5,5,5,5,5,3,3,5,5,5,5,5,3,4,3,4,3,4,3,4,4,4,4,4,3,4,3,4,2,3,4,2,32,1,2,3,37,1
0,1047,35,1,4,4,4,5,4,5,3,2,2,1,1,1,2,2,3,4,2,2,4,4,7,5,4,1,1,6,4,4,1,1,6,4,5,3,3,1,6,2,7,7,7,7,7,7,5,5,5,5,5,7,7,6,7,6,2,2,5,3,4,1,5,5,5,5,4,5,5,5,5,2,4,2,5,3,1,4,25,1,5,4,24,1
1,502,36,1,4,4,4,4,4,5,3,3,3,2,2,3,2,4,2,4,4,3,5,2,5,6,1,2,3,5,3,6,1,3,6,4,6,5,6,2,3,4,6,6,6,6,6,6,6,6,6,6,6,6,6,5,6,2,3,3,4,5,2,2,5,4,4,5,4,5,5,5,5,3,4,4,4,4,5,3,27,1,5,2,24,1
1,901,37,1,4,4,4,3,4,5,2,2,2,2,2,1,2,4,2,4,3,1,3,2,7,5,1,1,2,6,2,4,2,1,3,4,7,6,7,1,2,1,6,6,5,6,6,6,5,4,5,5,5,4,6,4,2,2,2,2,3,2,1,3,4,4,1,4,5,5,4,5,5,2,2,3,3,2,3,2,51,1,6,7,25,1
0,1090,38,1,5,4,5,5,5,5,1,1,2,1,1,2,2,2,3,4,2,2,4,2,7,6,1,1,1,5,5,6,2,1,6,4,7,6,7,1,2,2,7,7,7,7,7,5,6,6,6,6,5,3,5,2,3,6,5,5,5,3,5,2,5,5,4,5,5,4,5,4,4,2,4,3,4,2,2,4,22,1,3,3,32,1
1,622,39,1,3,4,3,3,3,4,2,2,2,2,1,1,5,1,4,1,1,5,1,5,6,4,4,2,2,6,4,4,2,3,5,4,6,5,6,3,3,1,5,5,7,5,5,5,5,5,5,5,5,7,7,7,7,7,6,5,4,5,3,1,4,5,4,5,3,4,5,5,5,1,2,2,2,1,4,1,20,1,3,3,20,1
0,1579,40,1,2,2,2,2,2,2,4,4,4,4,3,3,4,3,3,2,2,3,2,4,5,5,3,2,3,5,2,5,3,3,6,4,3,3,3,5,5,5,5,5,5,5,5,5,5,5,5,5,5,6,6,6,6,6,6,6,4,5,3,2,4,5,3,4,5,3,5,4,4,3,4,4,4,2,2,4,42,1,6,3,49,1
1,611,41,1,3,4,3,3,2,4,3,2,1,3,4,3,2,4,2,4,3,2,4,2,5,5,2,2,3,5,2,5,2,2,4,4,5,4,5,5,5,2,6,6,6,4,5,6,4,4,4,4,4,6,7,5,5,4,5,5,3,4,3,3,4,4,4,3,4,4,4,4,4,4,4,4,4,3,2,3,35,1,4,2,15,1
0,590,42,1,1,3,1,1,3,1,5,5,4,4,3,3,3,2,3,4,2,3,3,3,1,1,7,7,3,1,4,1,5,6,1,4,7,7,7,1,1,1,7,3,3,7,7,3,4,4,1,7,2,1,1,1,7,1,1,1,5,3,5,1,5,5,1,5,5,5,5,5,5,3,1,5,5,5,5,5,44,2,4,4,1,0
0,19527,43,1,3,3,3,3,2,3,1,2,2,4,2,1,2,1,3,2,3,5,2,1,5,2,1,1,2,3,1,4,4,3,3,4,5,6,6,3,3,5,6,6,6,2,3,3,6,6,6,6,6,5,5,3,2,2,1,1,3,2,2,4,4,2,2,5,5,5,5,4,4,1,2,1,2,1,4,2,35,1,6,5,37,1
0,9211,44,1,4,5,4,5,5,5,2,2,1,1,2,2,2,4,1,4,3,4,4,3,6,7,2,1,1,6,5,6,1,1,5,4,6,6,6,1,1,2,6,6,6,6,6,6,6,6,6,6,6,5,6,5,4,5,5,6,4,3,2,4,4,3,4,4,4,5,4,4,4,3,4,4,4,4,3,4,32,1,6,6,42,1
1,1249,45,1,5,5,5,4,4,4,1,2,1,2,1,1,1,5,1,5,5,1,4,1,7,7,1,1,1,7,1,6,1,1,5,4,7,7,6,1,1,1,7,7,7,7,7,7,7,7,7,7,7,6,7,5,7,6,7,5,5,4,5,1,4,4,3,5,5,5,5,5,5,2,2,3,4,4,2,2,61,2,6,5,28,0
1,734,46,1,3,4,3,3,3,4,3,3,2,3,2,1,2,4,2,4,4,4,3,2,6,6,1,1,1,6,1,6,1,1,7,4,5,5,6,3,3,4,7,7,7,7,7,7,7,7,7,7,7,7,7,7,7,6,7,7,5,5,5,1,5,5,5,5,5,4,5,5,5,3,3,4,4,3,2,3,36,1,6,6,1,1
0,572,47,1,4,4,4,3,3,4,3,3,3,3,3,2,2,4,2,4,4,2,4,2,7,2,1,3,2,6,2,2,1,1,5,4,5,6,5,5,2,3,7,7,7,7,7,7,7,7,7,7,7,5,5,5,5,6,6,5,3,2,3,2,3,3,4,4,4,4,4,4,3,3,4,2,4,2,2,3,24,1,6,5,21,1
0,745,48,1,4,4,4,3,3,4,2,1,3,1,1,3,5,1,1,1,1,1,1,4,1,3,1,1,1,5,1,1,1,1,7,4,5,5,6,3,5,1,1,1,1,1,1,1,3,3,3,3,3,3,1,3,1,5,5,5,4,2,2,1,1,1,3,2,5,4,5,5,2,4,4,4,4,3,2,2,54,2,5,5,50,0
1,2248,49,1,4,4,4,3,3,4,3,3,3,2,1,2,2,4,2,5,4,3,4,2,6,2,2,1,1,6,1,4,2,2,5,4,6,5,6,5,2,2,5,5,5,5,3,4,6,6,5,5,5,5,5,4,4,3,2,4,3,2,1,3,4,4,4,4,4,4,5,4,5,2,4,2,4,3,4,4,30,2,5,3,7,0
0,423,50,1,4,4,4,4,3,4,2,2,2,1,2,2,2,3,2,3,3,3,3,2,6,6,2,1,2,7,6,6,2,1,5,4,7,7,7,2,2,3,7,7,7,7,7,7,7,7,7,7,7,6,7,6,6,5,5,5,4,3,5,5,4,4,3,5,5,5,5,5,5,4,4,4,3,4,4,4,39,1,7,6,14,1
0,650,51,1,4,4,3,4,4,4,3,3,3,3,2,2,3,4,2,4,3,3,3,3,5,5,5,5,3,5,4,5,3,2,6,4,6,5,5,3,3,5,6,6,5,4,5,5,5,5,5,5,5,5,5,5,5,3,5,3,4,5,3,2,4,4,4,5,5,5,5,5,5,4,2,2,2,2,3,2,25,1,5,3,28,1
0,1485,52,1,5,5,5,5,5,5,1,1,1,2,1,1,1,5,1,5,5,2,5,1,6,3,1,5,5,3,1,4,4,1,6,4,7,7,7,1,2,1,5,6,5,4,3,6,5,5,3,6,5,3,3,3,3,2,5,6,3,4,4,3,3,4,3,4,4,5,5,4,4,2,1,1,2,1,3,2,0,1,5,3,50,1
0,698,53,1,3,3,2,2,3,3,3,4,3,4,4,3,2,3,2,4,4,1,5,1,5,1,2,2,1,5,1,2,1,3,3,4,5,5,6,5,1,5,7,6,6,6,6,6,6,6,6,6,6,6,5,4,5,2,3,3,3,2,5,4,4,4,4,2,2,4,4,4,4,4,2,4,2,4,4,4,28,1,4,4,23,1
1,1679,54,1,4,3,3,3,2,3,4,4,4,3,2,3,3,2,3,2,2,3,3,1,6,6,1,2,3,6,4,6,1,1,6,4,6,6,6,2,6,7,7,7,7,5,5,7,7,7,7,7,7,5,6,5,6,5,2,2,4,3,4,2,5,3,4,3,5,5,5,5,5,1,2,1,3,1,2,2,25,1,6,4,17,1
1,1086,55,1,2,3,3,2,1,2,3,2,1,4,1,1,3,3,4,3,1,3,3,2,5,4,5,2,1,4,2,4,1,1,6,4,2,2,3,6,4,1,7,7,7,7,7,7,5,5,6,5,6,6,7,4,6,4,2,5,5,5,1,3,5,1,4,3,5,5,5,5,5,1,2,4,2,1,4,4,37,2,6,5,35,0
1,1343,56,1,3,4,4,3,2,4,2,2,3,3,3,2,3,3,1,4,4,4,2,2,5,3,2,1,2,4,2,5,1,1,6,4,2,5,3,3,5,2,6,6,6,7,6,6,6,6,4,4,6,2,6,5,5,3,2,2,5,4,4,2,4,4,4,4,5,5,5,5,5,4,4,3,4,2,4,4,25,2,5,4,17,0
0,928,57,1,4,4,4,4,3,4,2,2,2,2,1,1,3,3,3,4,3,4,3,3,5,5,2,1,2,5,2,6,2,1,5,4,5,6,5,2,2,3,6,6,7,6,7,6,6,7,5,6,6,6,6,6,6,6,6,5,3,4,4,1,4,5,4,4,4,4,4,4,4,2,3,1,3,1,3,3,49,1,6,6,34,1
1,1855,58,1,2,4,3,4,2,2,4,4,1,1,3,4,2,1,1,2,1,4,2,2,2,5,1,2,1,6,2,5,3,4,3,4,6,7,5,3,1,1,5,4,5,4,1,2,3,5,1,2,2,7,6,5,6,5,1,1,3,3,4,3,4,5,4,5,3,5,5,5,3,2,2,1,1,1,2,3,25,1,5,2,32,1
1,3195,59,1,4,4,4,3,3,4,1,2,1,2,1,2,3,3,2,3,2,2,3,2,6,7,2,1,6,7,4,6,1,1,6,4,7,6,7,1,5,2,7,7,7,7,7,7,7,7,7,7,7,4,6,4,6,7,7,6,5,5,3,2,5,5,4,5,5,5,5,5,5,5,5,5,5,5,2,5,53,1,4,5,27,1
1,489,60,1,3,3,3,3,3,2,2,3,4,1,3,2,2,4,1,1,3,2,4,2,3,5,2,5,3,5,1,5,1,1,6,4,6,6,5,1,3,2,7,7,7,6,7,7,7,7,7,6,7,7,7,7,7,7,7,6,4,4,3,1,5,5,3,5,5,5,5,5,5,1,4,3,4,1,1,5,31,1,6,6,11,1
1,770,61,1,4,5,4,4,4,4,1,1,1,1,1,2,1,4,2,4,4,4,1,1,5,5,1,3,1,6,4,4,1,3,5,4,5,5,5,1,1,1,5,6,6,7,6,6,6,6,6,6,6,5,5,5,3,6,2,5,4,3,4,3,4,4,2,3,4,4,4,3,3,3,3,4,2,3,3,4,53,1,6,5,50,1
0,1159,62,1,3,3,3,2,3,2,2,2,2,1,3,3,4,1,4,3,1,4,3,4,6,5,1,1,2,5,1,6,1,1,6,4,7,6,6,1,2,2,5,3,3,3,3,2,5,5,5,5,5,3,5,3,3,6,5,5,4,2,3,2,5,4,4,4,2,5,5,5,4,4,4,3,4,3,4,4,54,1,6,5,49,1
1,643,63,1,3,3,3,3,3,3,2,2,2,3,2,2,3,3,3,3,3,4,3,3,6,4,3,2,2,6,4,5,3,2,5,4,6,6,6,3,2,1,6,6,6,5,5,5,4,4,5,5,4,3,3,3,3,5,3,5,4,3,3,2,3,3,3,4,4,4,4,4,4,2,3,3,3,2,2,3,25,1,5,3,18,1
0,588,64,1,4,4,4,3,3,3,2,1,2,2,1,1,3,2,3,2,2,5,2,2,3,3,5,4,5,3,3,3,4,3,6,4,4,5,3,3,2,1,7,7,7,7,7,7,6,6,6,6,6,5,6,6,6,6,6,6,4,5,3,2,5,5,4,4,5,5,5,5,5,2,4,3,4,3,2,4,26,1,5,1,14,1
0,1479,65,1,4,4,4,4,4,4,2,2,2,2,2,3,1,5,2,5,5,3,4,1,7,6,1,1,2,6,1,4,4,4,6,4,6,6,6,1,1,5,7,7,7,7,7,7,7,7,7,7,7,6,7,5,6,4,4,4,4,4,4,1,3,3,3,4,4,4,4,4,4,3,3,4,4,3,3,4,61,1,2,6,1,1
0,505,66,1,3,3,3,3,2,3,3,3,2,3,3,1,4,2,4,2,2,4,2,4,5,4,4,2,2,5,4,3,5,3,5,4,6,6,6,3,2,2,5,5,5,5,5,5,5,5,5,5,5,5,6,6,5,4,4,4,4,2,4,3,3,4,3,4,3,3,3,3,3,2,2,2,2,2,2,2,29,1,6,3,50,1
0,1378,67,1,4,5,4,4,3,4,1,2,2,3,1,2,1,5,2,5,5,1,4,2,3,3,2,3,5,5,4,3,1,1,3,4,6,5,6,3,3,3,3,3,4,3,3,5,6,6,5,4,5,1,5,1,1,3,2,2,4,2,5,3,4,2,3,5,5,5,5,5,5,2,4,2,4,3,4,4,23,1,4,3,50,1
1,804,68,1,4,4,4,3,4,4,2,2,2,2,1,2,4,1,3,4,1,5,4,4,6,6,4,2,1,6,3,3,2,5,3,4,6,6,6,1,2,1,4,5,5,5,5,5,5,7,6,5,6,5,5,5,5,5,2,2,4,2,5,2,4,4,2,5,5,5,5,5,5,3,3,3,2,3,4,3,60,1,7,6,61,1
0,1127,69,1,4,3,4,3,3,3,3,3,2,2,1,4,4,2,4,2,2,4,2,4,5,5,3,1,1,5,3,5,3,3,5,4,6,6,6,1,1,1,6,7,7,6,7,6,6,7,6,5,7,5,6,5,6,5,2,2,4,3,2,1,4,5,3,5,5,4,5,4,4,2,4,2,4,2,2,4,43,1,6,7,19,1
1,456,70,1,4,4,4,4,3,3,3,3,3,4,2,3,3,3,3,3,2,4,4,4,6,5,1,1,1,6,1,7,4,4,6,4,6,6,5,5,5,4,6,6,6,6,6,6,6,6,6,6,6,7,7,6,5,5,4,3,4,5,4,2,4,5,4,3,5,5,5,4,5,3,4,4,4,4,2,4,29,1,5,3,24,1
1,469,71,1,2,2,2,2,2,2,3,3,4,4,3,1,4,3,4,3,2,2,2,4,2,2,5,5,6,3,3,4,6,5,6,4,4,5,5,7,5,5,5,5,7,7,6,7,7,7,6,7,7,5,5,5,4,5,5,2,4,4,2,3,4,4,4,5,5,5,4,4,4,4,4,4,3,4,3,4,35,1,3,3,1,1
1,516,72,1,4,4,4,4,4,4,2,2,1,2,2,1,2,4,1,5,4,2,5,2,3,4,3,1,3,5,5,3,3,4,4,4,5,5,5,2,1,2,5,3,3,2,2,5,3,2,2,5,5,3,3,3,3,5,5,2,5,4,4,2,5,5,3,5,5,4,4,5,5,3,3,2,2,2,4,3,34,1,4,4,39,1
0,762,73,1,4,4,4,4,4,4,2,2,2,2,3,1,3,3,3,3,4,4,3,3,5,3,3,3,3,3,3,4,3,3,4,4,5,5,5,5,5,4,5,5,5,5,5,5,5,5,5,5,5,4,5,5,4,5,5,5,4,4,5,2,4,4,4,4,4,4,4,4,4,3,4,4,4,3,2,4,31,1,4,2,50,1
0,1131,74,1,4,4,4,5,5,5,3,3,1,2,2,2,3,4,2,2,3,4,4,1,2,5,2,5,5,5,2,2,5,2,3,4,7,6,7,1,3,1,5,6,6,2,5,6,3,3,4,3,3,3,6,5,2,2,2,4,5,5,5,2,5,2,2,5,4,4,4,4,4,2,3,2,2,2,4,4,25,1,5,4,34,1
0,562,75,1,4,3,3,3,3,3,2,3,2,1,2,2,2,3,2,3,3,4,3,2,5,5,1,1,2,5,4,3,1,1,5,4,5,5,5,2,2,2,7,7,3,7,7,7,4,4,4,5,4,3,2,2,2,3,3,2,5,3,2,1,4,5,3,5,5,5,4,5,5,3,4,4,3,3,4,4,52,2,6,6,50,0
1,1327,76,1,3,3,4,4,4,3,3,4,2,4,1,4,1,2,1,2,2,4,4,1,6,4,1,1,1,4,2,4,2,1,6,4,6,7,6,2,7,7,7,7,6,4,5,6,5,6,6,6,6,2,5,2,2,5,2,2,3,3,5,3,4,3,2,4,4,4,4,2,4,2,4,2,2,2,4,4,25,1,5,3,NA,1
0,524,77,1,5,5,4,5,4,4,2,2,3,3,1,3,2,3,2,4,4,2,4,3,5,1,2,1,3,6,6,5,2,2,7,4,7,7,6,1,1,5,5,6,5,5,5,4,6,6,6,6,6,7,7,5,7,7,7,2,3,3,1,2,4,2,4,5,5,5,4,5,4,1,3,2,4,1,2,4,28,1,5,4,42,1
1,404,78,1,3,4,4,4,4,5,4,2,1,3,2,3,1,4,1,3,5,2,4,3,7,2,5,5,3,3,4,4,4,2,6,4,6,5,6,2,7,7,5,2,6,2,5,5,6,6,5,5,7,7,7,5,7,5,5,2,3,4,2,2,4,1,4,5,4,4,5,4,4,4,5,4,4,2,3,5,23,1,5,5,16,1
0,762,79,1,4,4,4,4,4,5,2,1,2,1,2,1,2,4,1,5,4,1,5,1,7,6,3,2,1,6,4,4,3,1,7,4,7,7,7,1,2,2,7,7,7,7,7,7,7,7,7,7,7,6,7,6,7,6,6,6,4,3,3,2,3,4,4,5,4,5,5,5,4,4,4,4,4,3,3,4,25,1,4,3,35,1
0,604,80,1,4,5,5,3,2,4,2,1,1,1,4,1,1,5,1,5,4,2,4,1,7,5,1,2,1,7,2,7,1,2,7,4,6,6,4,1,1,1,7,7,7,7,7,7,6,7,6,7,7,7,7,6,7,6,6,2,5,4,3,1,5,4,5,5,4,4,5,5,5,4,4,4,4,3,3,4,25,1,4,3,25,1
0,4795,81,1,4,4,3,4,3,4,4,4,4,3,3,2,2,4,3,5,4,2,4,3,7,7,2,1,1,5,2,1,1,2,5,4,6,7,6,2,1,5,5,5,5,5,1,6,5,2,6,4,6,3,5,3,4,6,6,1,5,4,4,2,4,5,4,5,5,5,5,5,5,4,4,4,4,3,2,5,29,1,6,4,37,1
0,335,82,1,4,4,3,4,3,4,3,2,3,2,1,2,2,5,2,3,4,2,4,2,7,4,1,1,1,7,1,4,1,1,4,4,7,6,6,1,1,1,6,6,6,6,6,6,7,7,7,6,7,2,2,2,2,5,5,2,3,2,4,4,4,3,3,4,3,5,5,3,4,2,4,3,3,2,2,4,22,1,3,2,16,1
1,949,83,1,4,4,4,4,4,4,3,2,2,2,1,1,1,3,2,3,4,2,4,1,6,1,3,2,5,5,4,4,2,2,6,4,6,5,6,1,2,2,6,6,6,6,6,6,5,6,4,6,5,7,7,7,3,7,6,4,4,4,5,3,3,3,4,4,4,5,4,4,4,4,4,3,4,3,2,4,23,2,3,1,28,0
0,803,84,1,4,4,4,4,4,4,2,2,2,2,1,2,1,3,2,4,2,3,5,1,6,5,1,2,1,5,2,4,1,1,5,4,6,5,5,1,2,3,6,2,5,2,2,2,3,4,4,5,2,2,6,3,5,2,4,2,2,2,4,3,4,5,4,4,5,5,4,5,4,1,3,3,4,1,2,3,25,1,5,3,50,1
1,457,85,1,4,4,4,3,4,4,1,2,2,1,1,2,2,4,2,4,4,1,5,2,4,5,1,2,3,5,5,5,1,2,4,4,6,6,6,1,2,4,7,7,6,7,7,7,7,7,6,6,7,6,7,6,6,7,6,6,5,5,5,3,5,4,5,5,5,5,5,5,5,5,3,4,4,4,4,3,69,2,6,7,12,0
0,960,86,1,3,3,2,2,3,3,3,4,3,3,2,3,4,2,4,1,1,5,2,3,5,3,1,2,3,2,4,5,5,5,4,4,5,6,3,5,6,5,6,6,7,6,6,5,6,7,5,5,5,6,7,6,7,7,6,4,4,3,2,2,4,4,3,5,4,5,5,5,5,5,3,3,3,4,2,4,34,1,3,7,7,1
0,368,87,1,4,4,4,4,3,3,2,2,2,1,1,2,5,1,4,1,2,5,1,5,7,5,5,1,1,6,1,5,1,3,2,4,6,6,5,2,2,1,3,5,4,7,2,7,6,7,6,5,6,3,5,3,2,1,1,1,5,3,1,2,3,2,1,3,4,4,4,4,4,4,4,3,4,3,5,3,35,2,7,7,46,0
1,933,88,1,4,5,5,4,3,4,1,1,2,1,1,1,1,3,2,5,4,2,5,1,7,7,1,1,1,7,4,7,1,1,6,4,7,6,6,1,1,1,7,7,7,5,5,5,6,7,6,6,6,7,7,7,5,7,7,7,5,5,4,1,5,5,5,5,5,5,5,5,5,3,5,1,4,1,1,5,31,1,5,7,48,1
1,1342,89,1,3,4,4,4,3,4,2,1,2,1,1,1,3,3,3,2,3,3,2,3,7,6,1,1,1,6,1,7,1,2,6,4,6,6,5,3,2,2,7,7,7,7,7,7,7,7,7,7,7,6,7,5,7,5,2,5,4,3,4,2,4,5,4,5,5,5,5,5,5,3,4,2,3,3,2,3,49,1,4,5,27,1
1,283706,90,1,3,2,3,3,1,3,2,2,3,2,1,2,2,2,4,3,2,4,2,3,4,4,2,1,3,2,3,5,3,3,6,4,4,5,4,4,2,4,5,6,5,6,6,5,6,6,5,4,5,6,6,4,4,4,3,5,5,3,4,2,4,3,3,4,3,3,3,3,3,4,4,4,2,3,2,4,21,2,3,2,49,0
0,569,91,1,4,3,3,4,3,3,3,3,3,4,2,4,4,2,3,2,2,4,2,4,5,4,2,5,2,5,3,5,4,3,5,4,6,6,6,5,6,4,7,7,7,7,7,7,7,7,7,7,7,6,5,6,4,7,7,7,5,5,4,1,5,5,5,5,5,5,5,5,5,1,3,3,4,3,1,3,30,1,2,5,1,1
0,849,92,1,3,3,3,2,2,3,4,3,4,1,4,1,2,3,2,3,2,2,2,3,3,3,5,1,5,3,2,5,4,2,3,4,6,6,6,4,2,3,5,5,5,5,5,5,5,5,5,5,5,2,2,2,2,2,2,2,4,2,4,4,4,4,2,3,4,4,4,4,4,4,2,3,2,4,4,2,36,1,3,3,31,1
0,992,93,1,2,3,2,3,1,4,3,3,3,1,2,2,1,4,1,5,3,1,5,1,6,5,1,1,2,6,1,6,1,1,3,4,5,5,4,1,2,5,5,5,6,5,4,4,5,5,5,5,4,5,6,2,5,6,2,2,3,2,4,2,3,3,3,4,3,4,4,3,3,1,2,2,3,2,3,4,49,1,2,7,17,1
1,1192,94,1,2,2,3,3,2,3,3,4,4,4,4,3,2,4,2,4,4,2,4,2,2,7,1,2,1,6,4,6,1,1,6,4,6,5,4,5,5,4,6,6,6,5,5,5,6,6,6,6,6,7,6,6,7,4,4,4,4,3,3,2,4,4,4,4,4,4,4,4,5,3,3,3,3,3,1,3,64,1,4,7,49,1
0,1509,95,1,5,4,4,4,3,4,1,2,2,1,1,2,1,3,2,5,3,2,4,1,7,2,1,1,1,5,1,4,1,1,5,4,7,6,6,2,1,2,4,6,6,5,5,5,5,5,5,5,5,2,7,1,7,2,2,2,3,4,2,3,5,5,3,5,3,3,5,5,5,1,2,1,3,1,3,1,24,2,5,4,33,0
1,768,96,1,4,4,4,3,3,4,2,2,1,1,1,1,4,2,4,4,1,5,2,5,7,5,1,1,1,2,1,5,2,1,7,4,6,5,6,2,5,1,5,6,6,5,5,5,6,6,5,5,5,7,7,7,6,7,4,5,3,2,3,3,4,3,4,3,3,4,3,3,3,1,3,2,4,2,3,3,55,1,6,6,27,1
0,712,97,1,4,4,3,4,3,4,3,3,2,1,1,2,2,2,2,4,4,4,3,2,3,5,3,2,4,5,4,4,2,3,6,7,5,5,5,5,2,2,2,4,3,2,5,4,6,5,4,5,5,1,4,2,2,5,2,2,2,2,1,4,4,3,3,3,3,1,5,4,4,4,4,2,5,1,3,4,22,2,3,3,36,0
0,1033,98,1,5,4,4,4,4,4,2,2,2,2,3,1,3,4,3,4,2,2,4,2,5,6,2,1,5,7,4,4,2,1,5,4,6,5,3,3,2,5,4,4,6,5,4,6,3,2,3,3,3,6,5,5,5,6,5,4,4,3,3,2,4,2,3,4,5,3,5,5,5,4,3,4,4,2,3,3,18,1,3,3,40,1
1,503,99,1,3,3,3,3,3,2,4,3,4,3,2,3,4,3,4,2,2,3,2,5,5,5,2,1,3,6,6,6,3,1,6,4,5,5,5,5,5,5,3,5,5,6,5,5,5,6,5,5,5,6,6,6,6,5,5,4,5,4,3,2,5,5,4,5,5,5,5,5,5,4,3,3,4,4,4,4,20,2,5,3,21,0
1,609,100,1,4,4,4,3,3,4,3,2,3,3,1,3,3,2,2,4,2,2,4,3,6,7,2,2,2,7,6,7,2,3,7,4,6,5,5,1,2,2,7,7,7,7,7,7,5,7,5,5,5,7,7,7,6,6,5,5,5,5,3,1,5,4,4,5,5,5,5,5,5,5,4,2,3,2,3,4,25,1,5,3,26,1
0,1182,101,1,5,5,5,5,4,4,2,1,1,2,1,1,1,5,1,5,5,1,5,1,7,6,1,1,1,6,4,4,1,4,7,4,7,6,6,1,2,6,6,6,7,7,7,7,7,7,7,7,7,7,5,7,5,6,4,4,5,5,5,1,5,5,4,5,4,4,5,5,5,1,3,3,4,2,3,3,24,1,4,6,23,1
0,611,102,1,4,4,4,4,3,4,1,1,2,1,1,2,1,4,1,4,4,2,4,2,5,5,2,2,1,5,1,5,1,1,5,4,6,6,6,2,3,1,4,5,5,3,3,3,6,6,6,6,6,6,6,6,5,5,5,3,4,2,4,2,2,4,2,4,3,4,3,5,3,3,3,2,2,2,4,3,22,1,5,4,23,1
1,657,103,1,4,4,3,3,4,4,2,2,3,1,1,2,4,2,4,3,2,4,3,4,5,5,3,1,3,5,3,5,2,3,4,4,6,6,5,3,3,2,6,4,7,5,5,4,5,5,5,5,5,4,5,4,3,4,3,5,4,2,2,3,4,2,3,4,3,4,4,3,3,2,4,2,3,3,4,4,54,1,4,5,37,1
1,2642,104,1,2,2,3,2,2,2,5,3,4,2,1,2,2,5,2,5,4,1,5,1,7,7,6,1,2,6,5,5,1,1,6,4,2,3,6,7,2,5,6,6,7,5,2,7,6,7,6,5,7,6,5,6,2,2,2,1,5,2,2,1,5,3,3,4,4,5,5,4,5,2,5,4,4,2,4,4,43,2,6,6,28,0
0,1218,105,1,4,4,4,3,3,4,2,2,2,2,3,1,2,3,2,4,2,3,3,2,5,4,5,2,3,5,5,5,5,2,4,4,5,5,6,2,5,3,5,2,6,2,2,2,5,7,5,5,5,5,7,3,5,3,1,1,2,4,2,4,3,5,2,4,4,4,4,4,4,4,4,4,4,4,4,4,26,1,6,4,25,1
1,1571,106,1,4,5,5,5,5,5,3,3,3,1,1,3,1,5,1,5,5,2,5,1,6,3,5,3,6,5,3,3,4,5,6,4,7,7,7,1,3,3,7,7,7,7,7,7,6,7,6,5,5,5,5,5,5,5,2,6,5,4,3,1,3,5,4,4,4,5,5,5,4,3,4,4,3,4,4,3,53,1,4,4,50,1
1,10924,107,1,4,4,4,3,2,3,2,2,3,3,1,2,3,2,3,3,2,4,2,4,5,5,3,3,2,3,2,5,3,2,5,4,7,6,6,1,2,1,6,6,6,5,6,5,5,5,3,5,3,5,6,5,5,5,3,5,4,3,4,2,3,5,4,5,4,5,5,5,4,2,4,3,2,2,4,4,23,1,3,2,10,1
0,643,108,1,2,2,2,1,1,2,4,3,5,5,4,4,5,1,5,1,1,5,1,5,6,3,1,1,2,7,1,5,1,1,7,4,1,1,3,7,6,6,2,5,5,2,2,2,6,6,5,5,6,7,7,7,7,7,7,5,3,5,4,2,5,2,4,5,5,5,5,5,5,5,5,2,4,4,2,5,31,1,5,4,54,1
0,1269,109,1,3,3,2,3,2,2,4,4,5,3,5,3,3,5,3,4,3,1,3,3,5,5,2,5,3,7,5,4,6,5,5,4,2,2,5,5,3,2,7,6,6,5,5,6,6,6,6,6,5,7,6,6,7,6,5,5,4,4,5,2,5,4,4,5,5,5,5,5,4,3,3,3,4,4,3,4,22,1,2,2,26,1
1,1024,110,1,4,4,4,4,4,4,3,2,2,2,2,2,3,2,4,2,2,5,3,4,6,4,3,1,3,5,4,4,3,2,5,4,5,6,5,3,1,1,6,6,7,7,7,7,7,7,7,6,7,7,6,6,7,6,6,7,5,5,5,2,4,3,4,5,5,5,3,5,5,3,4,4,4,4,4,4,25,2,3,4,15,0
0,26490,111,1,5,5,4,4,4,5,2,2,1,2,1,2,1,5,2,5,5,1,4,1,5,5,3,3,1,5,4,6,2,1,5,4,5,6,6,3,1,1,6,6,7,6,6,6,6,6,5,6,6,7,6,5,6,7,5,2,5,5,3,1,5,5,4,5,5,2,5,5,4,2,2,1,4,2,2,2,21,1,3,3,23,1
1,587,112,1,3,3,4,3,3,3,3,3,2,2,3,2,3,3,2,2,3,1,2,2,6,4,1,2,2,6,1,4,1,1,3,4,5,5,5,3,3,2,3,4,5,5,5,5,5,5,5,5,4,2,2,2,2,3,2,2,2,3,2,3,2,2,3,3,4,4,4,4,4,3,2,4,4,3,4,4,26,2,5,6,50,0
1,383,113,1,3,3,3,3,3,3,2,2,2,2,1,2,2,4,2,4,4,2,4,2,5,5,4,3,3,5,3,4,2,3,5,4,5,5,5,4,2,1,6,6,6,6,6,6,6,7,6,6,6,6,5,6,6,7,6,6,4,5,3,2,4,4,4,4,5,4,5,5,4,4,2,4,4,2,4,3,24,2,5,3,20,0
1,1024,114,1,3,4,3,3,2,2,4,4,4,4,3,4,3,2,2,1,4,3,2,2,3,6,2,1,1,6,6,6,5,5,6,4,6,6,6,7,7,6,6,7,7,6,5,5,6,6,5,4,5,7,7,7,6,6,7,7,4,5,5,1,5,5,4,5,5,5,5,5,5,3,4,2,4,3,1,4,25,1,4,5,19,1
1,361,115,1,3,3,3,3,2,3,4,4,3,4,4,3,2,3,3,2,4,3,2,3,5,5,1,1,1,5,4,5,3,2,5,4,3,4,5,6,4,5,6,6,6,6,5,5,6,6,6,6,6,2,5,3,6,5,2,5,5,4,5,1,5,5,4,5,5,5,5,5,5,4,4,4,3,2,2,4,55,4,6,NA,3,NA
0,1042,116,1,4,4,5,4,4,5,1,2,1,1,1,1,2,4,3,2,3,2,3,1,6,7,1,1,1,7,5,6,1,2,5,4,7,6,6,2,2,2,6,6,6,6,6,6,6,6,5,6,6,2,6,3,2,4,5,5,4,4,3,3,5,3,3,5,5,5,5,4,5,2,3,3,2,3,2,2,24,1,5,3,27,1
0,508,117,1,3,4,2,2,2,3,3,3,4,3,2,3,2,4,2,4,3,2,3,2,6,4,3,3,4,4,2,4,3,3,4,4,2,2,2,3,5,3,4,5,6,4,4,2,6,5,4,6,5,5,5,6,4,6,5,2,4,4,4,2,3,5,4,5,3,3,4,4,3,2,2,2,4,3,3,3,20,1,3,3,31,1
1,1253,118,1,4,4,4,4,4,4,2,3,2,3,1,2,2,5,2,4,4,3,3,1,6,5,4,1,4,6,3,5,2,3,4,4,6,5,6,3,3,3,7,7,7,7,7,7,7,7,7,7,7,5,7,6,5,5,3,2,4,3,4,2,4,3,3,4,4,4,4,4,4,4,3,2,4,2,3,2,36,1,6,7,38,1
1,580,119,1,4,4,4,4,4,3,2,2,3,1,2,3,3,2,3,3,2,4,4,4,5,6,2,3,2,6,5,6,2,3,5,4,6,7,7,1,2,2,6,5,5,6,5,6,6,6,6,6,6,5,6,6,5,6,7,4,4,5,3,2,4,2,4,5,5,5,5,5,4,2,4,4,4,2,2,4,22,1,3,3,17,1
0,1139,120,1,4,3,3,2,2,2,3,3,3,2,3,3,3,3,3,4,1,4,2,3,3,5,2,1,1,3,2,5,3,2,5,4,6,6,6,4,1,6,6,5,5,6,5,5,6,7,4,6,6,6,7,7,6,7,7,5,5,5,3,1,5,4,3,3,4,3,5,5,5,2,4,2,2,4,4,4,24,1,3,3,29,1
0,1279,121,1,4,4,4,1,2,4,2,3,1,3,1,1,2,4,3,3,3,1,4,3,7,6,1,1,3,6,2,4,1,1,5,4,6,5,6,3,5,2,5,5,5,5,2,5,5,6,5,5,5,3,5,5,3,5,5,5,4,3,3,2,4,4,3,5,4,4,5,5,4,4,5,4,4,3,3,4,55,1,4,7,73,1
0,2250,122,1,5,4,4,4,3,4,1,1,2,1,1,2,2,4,3,5,4,1,5,2,6,5,2,3,2,7,5,6,2,3,6,4,6,6,7,3,1,2,6,7,6,6,5,6,4,6,4,4,4,5,6,5,5,6,7,6,4,4,5,1,4,4,4,5,4,4,5,5,5,4,4,4,5,3,4,4,24,2,3,3,13,0
0,463,123,1,4,4,4,4,4,4,3,3,3,3,2,4,5,2,5,4,2,4,2,5,5,5,3,3,5,5,3,6,2,6,6,4,6,6,6,5,2,1,5,6,6,6,6,6,6,5,5,5,5,5,5,5,6,3,2,2,4,4,1,2,5,2,4,5,4,4,4,4,4,2,2,3,2,2,4,2,27,2,5,2,33,0
1,901,124,1,4,5,4,3,4,5,2,2,2,1,1,1,2,2,4,3,2,3,4,2,7,6,1,1,2,5,4,6,1,1,6,4,6,7,6,1,1,1,6,6,6,4,4,5,4,4,4,4,4,6,7,5,5,5,5,5,4,4,2,3,4,5,4,5,5,3,5,5,4,2,1,1,3,1,4,1,24,1,5,2,41,1
1,932,125,1,4,4,4,4,4,4,2,3,2,3,2,1,1,5,1,5,5,1,5,1,7,5,1,1,1,5,4,5,1,1,6,4,7,7,7,4,1,2,5,5,7,5,5,5,2,2,2,2,2,6,7,5,2,7,1,5,4,5,4,1,4,5,3,5,5,5,5,5,5,1,2,1,3,1,3,4,19,1,3,3,36,1
1,3651,126,1,4,3,4,3,3,4,2,2,2,1,2,2,4,2,4,2,2,4,2,3,6,5,2,2,2,5,3,6,3,2,6,4,6,5,6,3,3,5,6,6,5,5,5,6,5,5,5,5,5,6,6,5,7,6,5,6,4,3,2,2,4,3,3,4,4,4,4,4,4,2,3,4,4,2,2,4,47,1,4,7,9,1
0,403,127,1,4,4,4,3,3,4,1,1,1,1,2,2,2,4,2,4,4,3,3,2,6,6,1,2,5,5,1,6,4,1,5,4,5,5,6,1,3,1,5,5,5,5,5,5,5,5,5,5,5,5,6,6,6,3,5,5,4,3,3,2,4,3,3,5,3,4,5,5,3,3,4,4,3,3,3,4,0,2,6,7,20,0
0,1706,128,1,5,5,5,4,4,5,2,1,1,1,2,2,2,3,2,4,2,2,3,2,5,6,3,2,2,4,3,4,2,1,4,4,7,6,7,2,1,5,7,7,7,6,5,6,6,6,6,6,6,3,5,3,2,6,5,4,4,3,4,2,4,4,3,5,4,4,5,5,5,4,4,3,4,3,4,4,24,1,5,4,25,1
0,852,129,1,4,4,4,4,3,4,3,4,2,3,1,2,1,5,2,5,5,2,4,1,4,6,4,2,2,6,2,4,1,2,7,4,5,5,5,5,3,2,7,7,7,7,7,7,7,7,7,7,7,5,6,6,6,7,6,6,4,4,4,2,5,5,4,5,5,4,5,4,4,3,4,4,3,2,5,4,23,1,3,3,1,1
1,604,130,1,4,4,3,4,3,3,4,3,3,3,1,3,4,2,5,1,2,5,1,3,6,4,4,1,2,6,4,4,2,1,5,4,6,7,6,2,4,3,7,7,7,7,7,7,7,7,7,7,7,3,5,3,3,5,5,5,4,4,4,1,4,4,3,4,5,5,5,5,5,4,4,4,4,1,4,4,49,1,5,6,9,1
1,1089,131,1,4,4,5,4,3,4,2,2,2,2,3,3,2,3,2,2,2,3,2,2,6,4,2,3,3,6,4,6,2,1,6,4,4,5,6,5,6,2,3,2,5,3,3,5,5,3,3,6,5,5,7,5,2,6,3,6,5,2,4,4,2,2,4,5,4,4,2,4,3,3,3,1,4,2,3,2,18,2,3,3,17,0
0,708,132,1,5,4,4,4,4,5,2,2,1,2,1,1,1,5,1,5,4,1,5,1,6,6,5,1,4,2,1,3,5,5,4,4,7,6,7,1,1,2,6,7,5,5,5,5,5,5,5,6,4,2,6,7,2,1,1,6,4,4,2,4,5,3,2,5,4,4,5,5,5,1,1,1,3,1,1,2,28,2,5,4,39,0
1,1137,133,1,3,3,3,3,2,3,3,3,3,2,2,3,3,3,2,4,4,2,4,2,5,5,2,3,1,6,3,5,2,1,5,4,6,6,6,2,6,5,6,6,6,6,6,6,6,6,6,6,6,6,6,7,5,5,5,5,4,3,2,3,2,4,3,3,4,4,4,4,3,2,4,2,3,2,3,4,52,1,6,7,36,1
1,1476,134,1,5,5,4,5,4,5,1,1,1,1,1,1,2,3,2,4,4,2,5,1,3,5,1,1,1,6,2,4,1,1,6,4,7,7,7,1,1,1,6,5,6,6,5,6,5,5,5,5,5,5,6,3,3,7,6,4,4,3,4,2,4,4,3,4,4,5,5,5,5,4,3,4,5,4,1,3,25,1,6,3,39,1
0,899,135,1,2,1,3,2,2,2,4,3,4,4,2,1,5,1,5,1,1,2,1,5,2,1,6,5,6,2,2,5,3,1,6,4,7,6,5,5,5,5,6,7,5,6,6,6,5,7,5,5,4,5,7,5,6,7,2,3,4,3,5,3,4,4,3,5,3,4,5,5,4,2,4,2,4,2,3,4,41,1,7,6,23,1
1,969,136,1,4,4,4,4,3,4,1,2,1,3,1,3,1,5,1,5,5,1,5,1,7,6,1,1,1,6,4,4,2,1,6,4,7,7,7,1,2,2,7,5,7,6,6,6,6,7,6,7,6,6,7,5,7,7,7,7,4,5,5,1,5,5,4,5,4,5,4,4,4,4,5,4,5,4,2,4,22,1,4,3,1,1
0,1586,137,1,4,4,5,2,2,4,1,1,1,3,1,3,1,5,1,5,3,1,5,1,7,7,1,1,1,7,1,7,1,1,7,4,4,6,4,1,5,5,4,7,7,7,7,4,7,6,4,6,6,7,7,7,4,5,5,5,3,2,3,1,3,5,3,5,3,1,3,4,3,3,4,1,5,1,1,2,44,1,6,4,30,1
1,793,138,1,4,4,4,3,3,4,3,2,2,1,2,3,2,4,2,4,3,2,4,3,7,5,4,1,1,7,4,4,1,1,6,4,7,7,6,2,1,1,5,5,6,6,5,6,6,6,5,6,5,6,6,5,6,5,4,4,4,4,4,2,4,4,5,4,4,4,5,4,4,3,4,4,4,4,3,3,26,2,5,3,27,0
1,773,139,1,3,3,3,3,3,4,4,3,3,3,3,4,3,2,4,3,1,5,1,2,7,7,1,1,1,7,1,7,1,1,7,4,7,7,7,1,1,1,7,7,7,7,7,7,7,7,7,7,7,7,7,7,7,3,3,3,5,5,5,1,5,5,5,5,5,5,5,5,5,4,5,3,4,4,1,5,66,1,4,5,24,1
1,714,140,1,5,4,4,4,3,5,1,1,1,2,1,1,2,3,1,5,3,2,4,3,7,6,1,1,4,7,1,4,1,1,7,4,7,7,6,1,1,5,7,7,7,7,7,7,7,7,7,7,7,7,7,7,6,6,6,6,5,4,4,1,4,5,3,5,5,5,5,5,5,3,5,4,5,3,3,5,55,1,4,2,11,1
0,31415,141,1,2,2,2,2,2,2,4,4,4,4,4,3,2,5,1,4,4,2,4,1,6,4,2,1,1,6,1,6,1,2,7,4,6,6,6,5,2,3,5,5,5,5,5,5,6,6,6,6,6,6,6,6,6,5,5,2,4,4,4,2,5,5,4,5,5,4,5,5,5,4,4,3,4,4,4,4,57,1,4,4,6,1
1,604,142,1,4,4,3,4,3,4,3,2,2,3,3,2,1,4,2,5,5,1,5,2,6,7,2,1,2,6,4,5,1,1,7,4,5,6,5,3,1,2,7,7,7,7,7,7,7,7,7,7,7,7,7,7,7,7,7,5,5,4,5,1,5,4,4,5,5,5,5,5,5,2,2,2,4,2,3,2,24,1,5,3,15,1
0,1092,143,1,3,3,3,3,2,3,4,2,3,2,3,1,4,2,4,3,1,2,1,5,2,2,2,1,1,2,1,4,1,2,6,4,4,3,3,4,5,1,6,4,6,5,5,5,6,5,6,4,6,5,5,3,3,5,5,5,3,4,2,2,4,4,3,5,4,5,4,5,4,4,4,4,4,3,3,4,27,1,5,3,16,1
1,2167,144,1,3,3,1,3,2,3,4,2,4,1,3,2,3,1,4,4,1,4,2,4,5,5,3,4,1,6,4,6,1,1,5,4,5,4,5,4,4,5,6,2,5,2,2,2,2,2,2,2,2,5,6,5,6,6,6,5,2,5,4,3,4,3,4,1,3,3,3,3,3,4,4,4,5,3,4,3,37,2,6,4,51,0
1,677,145,1,3,2,1,1,2,2,1,1,1,1,1,2,2,4,2,4,3,2,2,2,5,4,3,3,3,5,3,4,3,1,5,4,5,6,5,2,2,2,6,6,7,6,7,6,2,5,2,2,2,5,4,2,4,5,5,5,4,4,4,2,5,5,4,5,5,4,5,5,5,2,2,2,4,2,4,4,52,1,7,3,47,1
1,771,146,1,3,4,3,3,3,3,4,3,4,4,1,3,3,1,2,4,1,2,2,4,6,4,2,2,2,5,2,5,2,1,6,4,3,2,2,6,5,2,2,3,6,2,2,5,5,5,6,3,7,3,3,3,2,5,5,3,4,4,2,2,5,4,3,5,4,3,5,5,4,2,4,3,4,2,2,4,25,1,5,3,20,1
0,801,147,1,4,3,3,3,3,3,1,2,3,2,1,2,3,3,3,2,2,2,2,3,6,3,2,1,1,2,3,3,3,1,5,4,5,2,2,4,6,1,7,7,7,7,7,7,7,7,7,7,7,5,6,6,5,5,5,2,5,3,3,2,4,4,3,5,3,3,5,5,4,2,1,2,2,3,4,1,58,1,6,4,14,1
0,658,148,1,3,3,3,3,3,2,3,3,2,4,2,4,3,2,3,3,2,4,2,4,7,3,5,1,4,4,3,3,3,4,4,4,4,4,4,6,6,7,5,5,5,5,5,5,5,5,4,5,5,3,3,3,3,5,4,3,5,4,4,3,4,5,1,5,5,5,5,5,5,2,4,2,3,3,4,4,19,1,3,2,21,1
1,536,149,1,3,3,2,3,2,3,4,4,3,2,2,3,5,1,3,2,1,5,1,4,4,6,3,1,3,6,5,4,2,2,6,4,7,7,7,1,2,5,7,7,7,7,7,7,7,7,7,7,7,7,7,7,7,7,6,5,5,5,3,2,4,4,3,3,5,5,5,5,5,2,4,4,2,2,2,2,28,1,5,5,25,1
0,75047,150,1,4,4,4,4,4,5,2,2,2,2,3,2,3,3,4,4,2,3,3,4,6,7,1,1,1,6,4,4,1,1,5,4,6,6,6,1,1,5,6,6,6,5,5,5,6,6,6,6,6,7,7,4,6,7,7,6,5,4,5,2,3,4,3,5,5,5,5,5,5,4,4,4,4,4,2,4,40,1,6,4,32,1
0,466,151,1,3,4,2,4,4,3,4,4,2,3,5,2,3,2,4,4,1,5,1,4,5,5,1,2,6,6,1,4,1,1,7,4,7,6,6,2,2,4,1,2,6,7,6,5,1,1,1,1,1,5,7,3,2,6,1,1,4,4,5,3,5,4,5,2,5,4,4,4,5,3,4,2,3,2,2,2,22,2,3,2,63,0
0,737,152,1,3,3,3,2,2,3,4,4,3,4,3,2,3,2,3,2,1,3,3,2,6,6,1,1,1,6,4,4,1,1,5,4,6,7,7,5,5,3,6,7,6,6,6,6,6,6,5,6,6,5,5,5,3,5,4,2,4,2,2,2,4,3,2,4,4,5,5,4,4,2,4,2,3,3,4,5,23,1,5,3,23,1
0,872,153,1,3,3,4,3,3,3,3,3,3,2,1,2,1,5,1,5,5,1,5,1,6,5,1,1,2,6,1,6,3,1,6,4,6,6,6,3,2,5,7,6,7,6,6,6,7,7,6,6,6,6,5,5,6,2,2,2,4,3,2,1,5,4,5,5,5,5,5,5,5,2,4,2,2,2,4,4,58,1,3,3,10,1
1,4697,154,1,4,4,4,4,4,4,2,2,2,1,1,1,3,2,4,3,2,5,2,3,6,6,3,1,4,6,2,6,2,1,6,4,6,6,6,1,1,1,7,6,7,7,7,7,7,7,7,7,7,7,6,7,6,7,7,6,5,5,5,1,5,5,4,5,5,5,5,5,5,3,4,3,4,3,2,4,49,1,4,5,1,1
1,1824,155,1,3,4,3,4,4,3,3,2,2,2,1,1,4,3,3,3,2,4,2,3,5,6,1,1,1,6,4,6,1,3,7,4,5,7,6,2,3,1,6,5,6,6,6,6,4,4,4,4,4,6,7,5,6,6,5,6,4,4,3,1,4,5,5,5,5,4,5,5,5,4,4,4,5,4,2,4,26,2,3,3,10,0
0,90061,156,1,4,4,4,4,4,4,1,1,2,2,1,2,2,4,1,4,4,2,5,2,5,2,1,1,1,4,4,4,1,1,6,4,6,6,6,2,1,1,6,6,7,5,4,6,6,6,6,6,6,7,7,5,6,6,6,4,4,4,5,1,5,4,4,4,4,4,3,4,4,3,3,2,3,3,4,2,26,1,6,4,9,1
0,562,157,1,2,2,3,1,1,1,4,4,4,4,4,2,4,2,4,3,1,3,3,4,3,3,2,1,5,3,1,4,1,1,6,4,5,5,3,5,1,1,6,6,6,6,6,6,6,6,6,6,6,2,2,2,3,5,4,3,5,3,3,3,5,4,4,5,4,4,5,5,4,3,4,2,3,3,4,4,46,1,6,6,30,1
1,609,158,1,4,3,3,4,2,4,3,2,2,2,2,1,2,3,2,4,1,4,3,3,3,5,5,1,3,7,4,5,1,4,5,4,6,6,6,2,3,3,5,6,6,7,6,7,5,5,6,5,5,3,6,2,3,6,5,6,5,2,4,2,4,2,4,4,4,4,5,4,5,2,2,4,4,3,2,3,22,1,3,2,11,1
1,672,159,1,2,2,2,2,2,2,4,3,5,3,4,3,4,4,4,2,1,5,2,4,2,3,6,2,2,5,2,4,6,5,1,4,2,2,2,6,5,6,7,7,7,7,7,7,7,7,7,7,7,7,7,7,7,7,7,7,5,5,5,1,5,5,3,5,5,5,5,5,5,5,5,5,5,5,5,5,0,1,5,3,36,1
1,570,160,1,4,4,4,4,4,4,2,2,2,2,2,2,3,2,3,5,1,3,4,3,5,6,2,2,1,5,2,6,2,2,5,4,6,6,6,2,2,2,5,5,5,5,3,4,5,5,5,5,5,5,5,4,3,3,2,5,4,3,4,3,3,2,3,4,3,5,3,4,3,1,2,2,3,3,1,3,45,1,6,6,28,1
0,471,161,1,4,4,3,3,3,4,2,3,2,3,3,2,1,5,1,5,5,2,5,1,5,4,3,1,3,6,5,5,3,3,6,4,5,5,5,5,4,5,6,7,7,5,5,5,7,7,7,7,7,5,5,5,5,6,2,6,4,5,4,1,5,5,4,5,2,3,3,4,2,2,4,2,5,3,2,4,20,1,3,1,15,1
1,21575,162,1,4,5,5,4,4,4,2,1,2,2,1,1,1,5,2,5,4,1,5,1,3,7,1,4,2,7,4,7,1,1,7,4,2,3,2,6,6,5,6,7,7,5,6,6,5,5,5,5,6,7,7,7,5,6,7,7,4,5,2,2,4,1,5,4,4,5,4,5,4,4,4,4,4,4,2,4,20,1,3,3,24,1
1,417,163,1,4,4,4,4,4,4,1,1,2,2,1,1,1,4,2,4,3,1,4,2,7,3,1,1,1,6,4,6,1,1,7,4,7,6,6,2,2,3,7,7,7,7,1,7,5,7,4,4,5,7,5,4,5,6,6,4,4,5,5,3,4,5,4,5,4,4,5,5,5,3,3,4,3,3,3,3,22,1,3,2,42,1
0,530,164,1,4,4,4,4,4,5,3,3,3,2,3,2,2,5,2,4,4,2,3,3,6,5,5,1,2,6,6,5,3,5,5,4,4,5,5,3,3,2,7,7,7,7,7,7,6,6,6,5,6,6,5,3,4,5,5,2,4,2,5,3,3,5,3,4,4,4,4,4,4,2,3,5,3,4,5,3,21,1,3,2,42,1
1,536,165,1,4,4,5,4,4,4,1,2,2,2,3,1,2,2,1,3,4,4,4,2,5,7,1,1,1,7,3,6,1,1,7,4,6,6,6,2,5,1,7,6,6,6,6,6,6,6,6,6,6,5,7,6,5,6,5,5,5,5,3,4,5,5,4,5,4,3,5,5,5,3,4,4,4,3,2,4,51,1,4,3,11,1
1,624,166,1,4,4,5,4,3,4,2,1,2,3,2,1,2,5,1,4,3,3,4,1,5,5,2,3,1,5,5,6,1,2,6,4,7,7,7,1,2,1,6,6,6,6,5,6,6,6,4,5,5,4,6,6,6,6,6,2,5,5,5,3,5,5,4,5,5,5,5,5,5,5,4,5,4,4,2,4,24,1,5,3,19,1
0,451,167,1,5,5,5,5,5,5,1,1,1,1,1,1,2,2,2,3,3,4,4,2,6,6,3,1,1,7,6,5,3,2,6,4,5,3,4,4,5,1,6,7,7,7,6,6,7,7,6,7,7,6,7,6,7,7,6,4,4,5,5,1,5,4,5,5,5,5,5,5,5,3,4,3,3,3,2,4,22,2,3,4,1,0
0,627,168,1,4,4,3,4,3,4,3,2,3,2,1,2,4,3,4,2,1,5,2,3,6,4,1,1,2,6,4,5,1,1,6,4,7,7,6,2,2,1,6,3,7,7,6,7,7,7,7,7,7,6,5,3,3,7,7,7,5,5,4,2,5,5,2,5,5,5,5,5,5,4,4,4,4,5,1,3,27,1,6,4,16,1
1,709,169,1,4,4,4,4,4,3,2,2,3,1,3,2,4,2,4,3,2,5,2,4,2,3,5,2,5,2,1,5,5,4,3,4,6,6,6,1,2,1,7,7,7,7,7,7,7,7,7,7,7,1,6,2,2,6,2,4,4,3,4,4,3,2,2,2,4,4,3,3,4,2,4,3,3,4,2,4,27,1,5,4,27,1
1,635,170,1,4,4,4,4,3,3,2,2,1,1,2,1,3,2,4,5,2,4,4,3,6,3,2,3,2,5,2,4,5,2,5,4,7,6,6,2,2,2,6,6,7,3,3,5,3,2,3,3,4,6,6,6,2,3,2,3,4,2,4,3,3,4,4,4,2,3,4,2,3,1,2,1,1,4,2,4,24,2,3,4,45,0
1,502,171,1,4,4,4,4,4,4,2,1,2,2,1,1,3,2,3,3,1,3,2,3,5,5,3,3,3,5,4,5,3,5,5,4,6,6,6,1,1,1,7,7,7,7,7,7,7,7,7,7,7,5,5,5,7,6,6,6,5,5,3,1,5,5,3,5,5,5,5,5,5,4,4,4,4,4,3,4,40,1,6,4,22,1
0,541,172,1,3,3,3,3,3,3,3,2,2,3,2,3,4,2,4,3,2,3,2,3,7,7,1,1,1,7,4,4,1,1,6,4,5,5,6,2,2,1,7,7,7,7,7,7,7,7,7,7,7,5,6,5,7,6,6,6,5,3,5,1,4,4,4,4,5,5,5,5,5,3,4,3,4,3,5,4,50,2,7,7,18,0
0,570,173,1,4,5,4,4,4,4,1,2,2,2,2,1,3,2,3,2,2,3,2,4,7,6,3,1,1,7,1,5,5,1,5,4,7,7,7,3,1,1,5,5,6,5,5,5,4,5,5,4,5,5,5,3,5,6,5,5,4,4,4,2,4,3,4,4,4,5,5,4,5,3,3,3,3,4,4,3,30,1,6,6,19,1
1,593,174,1,4,4,3,3,2,4,3,3,2,3,3,2,4,1,4,2,2,3,1,4,6,5,1,2,4,5,1,4,2,1,5,4,6,7,5,5,1,2,5,5,7,3,3,3,5,5,5,5,5,3,6,2,3,2,5,2,3,3,3,3,4,4,4,5,4,5,5,5,5,2,4,2,3,2,2,4,25,1,6,4,30,1
1,744,175,1,3,3,3,3,3,3,4,4,3,3,2,3,4,3,3,4,3,3,4,3,6,6,2,5,2,6,1,6,3,1,6,4,6,6,5,2,2,1,6,6,6,6,6,6,5,5,5,5,5,6,6,6,7,4,3,5,4,4,3,2,5,5,4,5,5,5,5,5,5,2,2,4,4,2,2,4,28,1,6,4,29,1
0,543,176,1,3,2,3,2,2,2,4,4,4,3,2,2,4,1,4,3,1,5,1,4,4,5,6,1,3,6,5,6,5,6,6,4,5,6,5,1,6,3,7,7,7,7,7,7,6,6,6,6,6,6,7,6,7,7,7,5,5,5,5,2,5,5,3,5,4,5,5,5,4,2,5,5,3,4,4,5,24,1,5,2,8,1
0,944,177,1,4,5,4,4,4,4,1,1,1,1,1,2,3,2,4,2,2,4,3,4,7,4,1,1,2,7,1,6,3,1,5,4,7,7,7,1,1,5,5,6,5,4,4,5,5,6,4,4,5,6,6,6,3,5,2,6,4,2,4,3,1,1,2,4,2,3,4,3,2,1,2,1,1,1,2,2,41,1,6,NA,49,1
0,1093,178,1,3,4,4,4,3,3,2,2,3,1,2,3,3,2,4,5,2,3,4,3,3,3,3,1,4,2,1,7,4,1,5,4,5,5,6,5,3,3,7,5,6,5,5,5,6,7,6,6,6,7,7,6,7,5,6,3,4,3,4,2,3,4,3,5,4,5,5,4,4,2,3,3,3,2,3,3,28,1,6,5,36,1
1,704,179,1,4,4,3,3,3,4,2,2,2,1,2,2,4,1,4,4,2,4,2,3,3,4,4,2,5,5,4,4,3,3,5,4,6,5,5,4,3,2,6,6,6,6,6,6,4,4,3,4,4,6,6,6,6,5,6,6,4,4,3,1,5,5,5,5,4,4,5,5,5,3,4,2,4,2,3,3,28,1,6,5,15,1
1,517,180,1,3,3,3,3,3,3,3,3,3,4,2,1,2,3,3,3,4,4,3,2,6,4,3,2,2,5,4,5,5,5,5,4,5,4,3,6,2,1,7,4,7,7,7,7,6,6,5,6,6,5,6,6,5,6,5,2,4,4,4,2,4,3,4,4,4,5,5,5,5,5,4,4,4,5,4,4,25,1,5,3,23,1
0,3331,181,1,4,4,4,4,3,4,3,2,2,3,2,3,4,2,4,2,2,5,2,3,5,6,3,5,4,5,4,5,2,2,5,4,4,4,4,3,4,3,7,7,4,7,7,7,7,7,7,7,7,7,7,6,7,6,5,5,5,5,4,3,4,5,4,5,4,4,5,4,4,2,3,3,3,2,2,3,28,1,5,6,17,1
0,738,182,1,4,5,5,4,3,4,2,2,1,2,1,1,1,1,1,4,2,4,3,1,7,6,1,3,1,7,1,5,1,1,7,4,7,5,7,2,3,1,7,7,7,7,7,7,7,7,7,4,7,7,7,7,5,5,4,4,5,4,5,1,4,4,4,5,5,5,5,5,5,1,4,2,4,1,1,4,32,2,5,1,34,0
1,529,183,1,3,4,3,3,3,3,3,2,3,3,1,4,4,1,3,1,1,3,2,4,6,4,1,1,3,4,2,4,1,2,6,4,6,5,6,2,3,1,7,7,7,7,7,7,7,7,7,7,7,6,7,5,7,6,6,6,5,4,4,1,5,5,4,5,5,5,5,5,5,1,3,2,3,1,2,4,38,2,6,4,1,0
0,451,184,1,4,4,4,4,4,4,1,2,3,1,2,2,2,5,2,4,4,2,4,2,6,5,1,1,5,6,2,5,1,1,5,4,7,7,7,1,7,2,6,5,7,6,6,6,6,6,6,6,6,3,3,3,3,4,2,3,3,2,3,3,4,4,4,3,4,4,5,4,4,3,4,3,4,1,1,4,37,2,6,7,61,0
1,416,185,1,5,4,4,4,4,4,3,3,3,3,3,1,3,5,3,1,2,4,2,3,5,3,1,1,5,4,1,4,1,1,5,4,7,6,6,1,1,1,6,6,4,6,6,6,6,6,6,6,6,5,7,5,7,7,5,6,4,5,4,3,5,5,5,4,2,2,4,5,2,4,4,5,4,4,3,4,24,1,5,3,38,1
0,1172,186,1,4,4,4,4,4,4,2,2,2,2,2,2,3,4,2,3,4,5,4,3,5,5,3,3,3,5,3,5,2,3,5,4,5,5,5,4,3,3,3,3,5,5,5,5,5,5,4,5,4,6,6,6,5,6,6,6,4,5,2,2,4,3,3,5,3,4,5,5,4,4,4,4,2,4,4,5,28,2,6,6,57,0
1,655,187,1,4,3,4,3,4,3,3,2,3,2,1,2,3,4,3,4,2,2,4,3,5,4,3,2,3,6,2,5,2,2,5,4,6,5,5,3,3,1,7,7,6,5,5,5,5,7,6,5,6,6,6,3,5,6,6,6,5,3,2,3,3,3,4,4,4,4,4,4,4,4,4,4,4,2,4,4,27,2,5,4,26,0
0,1480,188,1,4,4,3,4,4,2,4,3,2,4,1,3,4,2,4,1,2,5,3,5,7,5,2,1,1,6,4,4,1,1,6,4,7,7,7,3,6,3,7,7,7,5,5,7,7,6,5,6,6,7,6,7,5,7,7,7,5,5,3,2,5,5,4,5,5,5,5,5,5,3,4,2,3,5,3,4,22,1,3,3,25,1
0,684,189,1,3,4,3,3,2,2,4,4,3,4,2,2,5,2,5,3,2,4,3,4,6,3,5,5,4,5,4,5,5,4,4,4,7,6,6,5,2,3,5,5,5,4,6,2,5,5,4,5,6,5,6,6,4,6,6,2,4,3,4,3,3,5,4,5,5,5,5,5,5,4,4,2,3,4,4,3,16,1,1,1,51,1
1,462,190,1,4,4,4,3,4,4,2,1,1,1,1,1,1,5,1,5,5,4,5,1,6,5,2,1,1,6,2,5,4,2,4,4,7,7,6,1,1,2,7,7,7,7,7,7,2,3,3,3,3,2,3,2,2,2,2,2,4,4,1,2,4,3,3,5,5,5,5,5,5,2,2,2,2,2,3,2,26,1,6,3,42,1
0,392,191,1,3,2,2,1,2,3,3,3,3,3,2,3,2,3,3,3,2,2,4,2,6,6,3,1,1,6,2,6,2,3,6,4,5,5,5,3,4,5,7,7,7,6,6,6,6,6,6,6,6,6,6,6,7,6,6,6,4,5,3,1,4,4,4,4,3,4,4,4,3,3,3,3,3,3,3,3,50,1,6,5,40,1
0,627,192,1,4,4,4,4,3,5,1,1,1,1,1,3,3,2,4,4,2,4,4,3,7,4,2,1,1,7,6,6,2,3,6,4,6,7,7,2,2,1,7,5,5,7,7,7,5,5,3,3,5,7,7,6,5,6,2,5,5,3,4,2,4,4,4,1,2,5,5,3,4,1,4,1,4,1,2,4,21,1,5,4,43,1
1,1819,193,1,4,4,4,4,3,3,3,2,2,2,3,2,1,3,1,5,3,2,4,1,6,6,2,2,1,5,4,4,1,1,5,4,5,3,2,3,6,3,7,7,7,4,5,5,5,5,5,3,4,3,6,2,4,5,5,5,4,4,2,2,4,5,3,4,5,3,4,5,5,3,1,1,4,1,2,1,40,2,6,5,22,0
0,792,194,1,4,4,3,4,4,2,3,2,3,2,1,3,4,3,4,3,2,4,3,4,6,4,2,2,2,5,2,5,2,2,5,4,6,5,5,3,5,3,5,5,6,5,5,5,6,6,5,5,5,5,5,4,4,6,6,6,5,4,4,1,3,3,4,5,5,4,5,5,4,3,3,4,4,4,3,4,21,1,3,2,8,1
0,1006,195,1,4,5,5,3,4,3,1,1,2,3,2,1,2,2,3,4,3,4,3,3,6,5,1,2,2,5,4,6,2,1,6,4,6,5,6,2,3,3,6,6,5,6,4,6,4,7,4,5,5,6,7,5,7,7,3,5,4,4,5,2,5,5,4,5,5,5,5,5,5,1,4,2,3,2,2,4,25,1,5,2,7,1
1,3159,196,1,4,4,4,4,3,5,2,3,3,3,2,4,3,2,3,2,2,4,3,2,5,4,3,2,2,5,2,4,1,1,3,4,6,6,6,1,2,1,6,5,2,6,4,4,4,6,4,4,6,3,3,3,3,5,5,1,4,2,4,4,5,2,2,4,2,4,4,4,4,1,1,1,1,1,1,1,55,1,6,3,52,1
0,1187,197,1,4,4,4,5,3,3,1,3,1,3,1,3,2,2,2,2,2,4,1,4,6,1,4,1,1,5,1,4,1,1,5,4,6,6,6,5,6,7,7,7,7,7,7,7,7,7,2,7,7,2,2,2,2,5,6,5,5,4,5,1,4,5,3,5,4,4,5,5,5,1,4,3,2,2,3,2,25,1,5,3,5,1
1,599,198,1,4,4,4,4,4,4,3,3,3,3,2,2,3,3,3,2,2,5,4,4,5,5,3,1,1,5,4,4,3,3,5,4,6,7,7,1,2,1,7,7,7,6,7,6,6,7,5,5,6,3,3,2,2,5,5,5,3,2,5,1,3,3,3,4,5,4,5,4,5,4,4,4,4,4,2,4,20,1,3,3,1,1
1,662,199,1,4,5,5,4,3,5,1,1,2,1,1,1,1,5,1,5,5,1,5,1,6,6,3,1,1,6,4,6,2,2,6,4,5,5,3,2,3,1,6,6,6,6,6,6,5,5,5,5,5,6,7,6,6,6,5,5,5,5,4,2,4,5,4,4,5,5,5,5,5,3,4,4,4,3,2,4,34,1,5,6,36,1
1,863,200,1,4,4,4,4,3,4,1,3,1,2,4,1,5,1,5,1,3,4,1,5,7,7,1,1,3,7,2,5,1,2,7,4,7,7,7,1,1,1,5,2,6,2,2,2,3,5,4,3,5,1,2,1,1,4,1,1,4,3,3,1,3,2,5,5,5,5,5,5,5,4,4,3,2,2,4,3,24,1,5,2,27,1
1,1396,201,1,4,4,4,5,4,5,1,1,1,1,1,1,1,3,1,2,4,2,5,2,6,5,1,1,1,6,1,7,1,1,5,4,6,7,7,1,2,2,5,2,2,2,2,4,6,6,6,6,6,7,6,5,6,6,2,6,4,2,4,2,4,2,5,3,2,3,3,3,3,1,4,1,4,1,3,4,34,1,3,5,49,1
0,951,202,1,5,4,3,4,4,5,3,3,4,2,4,3,4,3,3,4,1,2,2,4,3,3,6,2,2,6,4,5,5,3,6,4,6,5,5,4,3,2,5,6,7,7,7,7,5,3,5,4,5,4,7,5,5,6,6,6,5,5,4,2,5,3,3,3,5,5,5,5,5,5,4,4,5,5,4,2,22,2,3,3,24,0
0,1141,203,1,4,4,4,4,4,3,2,1,2,2,2,1,2,1,4,2,2,2,2,4,6,1,5,1,1,2,1,5,6,6,3,1,6,6,3,2,5,5,5,6,2,6,6,6,6,7,6,6,6,6,6,6,7,6,6,2,4,5,4,4,4,5,4,5,5,5,4,5,4,4,4,2,4,2,4,2,43,2,6,4,3,0
0,13612,204,1,4,5,4,4,3,4,2,2,2,2,1,2,3,2,4,4,2,4,3,4,6,5,1,1,1,5,1,4,3,1,4,4,5,5,5,3,1,3,5,4,5,5,6,5,6,6,5,5,5,7,7,7,3,4,5,4,4,3,2,2,4,4,2,5,5,4,5,5,5,3,4,3,4,3,2,4,25,1,6,5,25,1
0,743,205,1,4,4,4,4,3,4,2,2,3,3,3,2,2,4,1,5,2,3,3,2,7,6,2,1,1,5,2,6,3,1,6,4,6,5,6,1,5,2,6,7,7,7,7,7,7,7,7,6,7,7,6,6,3,2,2,2,4,4,5,2,4,5,3,5,5,4,5,5,5,4,5,4,4,4,2,4,20,1,3,2,15,1
1,1063,206,1,3,4,3,4,4,4,3,4,3,2,2,1,4,2,4,3,1,2,1,3,6,7,1,1,3,7,5,4,1,1,7,4,7,7,7,2,1,1,7,5,7,5,7,6,5,7,5,5,7,6,6,6,7,5,6,4,4,3,5,2,5,5,2,5,4,4,5,5,5,1,3,2,3,3,2,3,26,1,5,3,20,1
1,1003,207,1,2,2,2,2,2,3,4,4,3,2,4,4,4,1,4,1,2,5,1,3,3,3,6,3,5,3,5,5,5,4,5,4,3,3,4,5,4,3,6,6,6,6,6,6,6,6,5,5,6,6,6,5,6,2,2,2,5,4,4,1,5,5,4,5,5,5,5,5,5,3,4,4,2,3,4,4,58,1,6,4,1,1
0,526,208,1,4,4,4,3,4,4,3,2,3,3,1,3,3,2,3,3,2,4,2,4,4,5,2,1,2,5,1,4,1,3,6,4,6,5,5,2,2,1,6,5,7,5,5,7,5,7,5,5,5,6,7,6,7,7,2,2,5,5,4,2,4,4,4,5,5,5,5,5,5,2,3,2,3,2,1,3,34,1,6,2,4,1
0,732,209,1,5,5,4,5,4,4,1,1,2,2,1,2,2,2,2,3,3,2,3,2,6,6,2,1,1,5,4,6,1,1,6,4,7,7,7,1,1,1,7,7,6,6,6,7,6,7,6,6,7,5,5,5,5,5,5,4,3,3,1,2,4,3,4,4,4,4,4,5,4,4,5,3,4,3,1,4,26,1,6,4,13,1
1,379,210,1,2,3,3,3,2,3,2,2,3,1,1,3,5,1,4,1,1,5,1,5,7,4,1,1,1,4,1,4,1,1,4,4,5,7,4,1,1,1,4,4,4,4,4,4,4,4,4,4,4,4,7,4,3,1,1,1,1,2,3,5,3,3,3,1,1,1,3,3,1,2,3,2,3,2,3,3,35,2,7,7,67,0
0,466,211,1,3,3,4,1,3,2,3,3,1,5,2,1,5,1,5,3,1,5,1,5,2,3,4,5,3,5,2,4,1,1,5,4,5,7,5,1,7,1,4,7,5,4,7,6,7,7,5,4,5,7,7,7,3,7,6,4,4,3,5,1,3,4,5,5,3,3,4,4,4,2,1,2,2,2,3,2,25,1,6,4,36,1
1,892,212,1,4,4,4,3,3,4,2,1,2,2,3,1,2,4,2,3,4,3,2,2,6,5,2,1,1,6,1,4,2,2,6,4,6,2,3,5,1,1,7,7,7,7,7,7,6,7,7,7,6,5,6,5,3,2,3,2,5,5,4,2,5,5,3,5,4,3,4,5,4,4,4,3,4,4,2,4,20,1,3,3,25,1
1,426,213,1,4,4,4,3,3,4,1,1,1,2,1,3,3,2,3,3,2,3,2,2,5,5,2,1,2,5,1,5,3,1,5,4,5,5,4,2,1,1,5,6,6,6,6,6,6,6,5,6,5,5,5,6,6,3,2,2,4,4,3,2,4,3,4,4,2,2,5,4,5,3,3,2,3,2,2,2,33,1,6,6,23,1
1,274,214,1,5,4,4,5,4,4,2,2,2,2,2,1,2,4,1,4,4,2,4,2,6,6,4,2,4,7,4,7,1,2,7,4,6,7,7,2,1,5,7,7,7,7,7,7,7,7,7,7,7,7,7,7,7,7,7,7,5,5,5,5,5,5,5,5,5,5,5,5,5,3,3,3,3,3,3,4,22,1,3,2,50,1
0,865,215,1,5,5,5,5,4,4,2,2,2,2,1,2,2,5,1,5,3,3,5,1,7,1,6,1,1,1,1,5,5,7,3,4,7,7,7,1,1,3,5,5,2,4,4,5,6,6,7,4,6,7,7,7,7,7,1,1,3,3,3,2,3,5,5,5,5,4,5,5,3,4,5,5,5,2,3,5,24,2,3,4,55,0
0,1079,216,1,5,4,4,3,4,3,2,2,3,2,1,1,1,5,1,5,5,1,5,1,7,6,1,1,1,6,4,6,1,2,7,4,7,7,7,1,1,1,4,6,6,6,6,6,4,4,4,4,4,6,6,5,4,4,4,4,4,5,3,2,4,4,5,4,4,5,5,4,4,3,4,2,4,3,3,4,22,1,3,4,50,1
1,1595,217,1,5,5,4,5,5,5,1,2,2,2,2,2,2,5,2,4,5,4,5,2,5,5,2,2,2,5,3,5,4,2,5,4,6,6,6,1,2,2,7,6,6,5,5,5,5,5,5,5,6,6,7,7,5,1,1,1,3,2,5,3,2,3,2,5,5,4,5,5,5,4,4,3,3,3,2,4,27,2,4,1,24,0
0,586,218,1,3,4,4,3,3,4,3,2,2,3,2,1,2,3,2,5,3,2,4,1,6,7,5,1,3,6,4,7,1,1,7,4,5,5,5,3,1,2,6,6,7,7,7,7,6,7,6,6,6,7,6,6,7,3,3,6,5,5,5,1,5,5,5,5,5,5,5,5,5,2,4,4,4,4,1,4,26,1,6,4,34,1
0,544,219,1,3,3,2,3,1,3,4,4,4,3,3,1,2,4,2,3,2,3,1,1,7,6,1,1,1,5,4,5,1,2,6,4,3,3,2,5,4,5,5,5,7,5,4,5,5,5,4,5,5,6,6,3,3,1,2,1,5,3,5,1,4,5,4,3,5,4,5,5,5,2,3,2,3,2,2,2,20,1,3,3,31,1
1,662,220,1,5,4,3,3,3,3,3,3,3,1,1,2,2,2,3,1,4,2,1,2,3,7,5,1,3,7,6,7,3,2,5,4,7,7,7,1,2,1,7,7,7,7,7,7,7,7,7,7,7,7,7,7,7,7,7,7,5,4,5,1,5,5,3,5,5,5,5,5,5,3,4,5,4,5,1,4,55,1,7,4,21,1
1,414,221,1,3,3,3,2,2,2,3,3,4,4,2,2,2,4,3,5,3,4,3,3,5,5,1,4,1,6,1,7,1,2,7,4,5,5,5,6,3,5,6,6,6,6,6,6,6,6,6,6,6,7,7,7,5,6,2,5,2,3,4,3,5,3,4,5,5,5,5,5,5,1,3,1,4,1,5,3,37,2,7,6,28,0
1,1016,222,1,4,4,4,3,4,4,2,2,2,2,1,3,1,2,1,4,2,3,3,1,5,6,1,1,1,5,1,4,1,1,6,4,7,7,6,1,1,1,7,7,7,7,7,7,7,7,7,7,7,6,6,6,6,5,4,5,4,4,4,1,5,5,3,5,5,4,5,5,5,4,4,2,5,4,1,2,44,1,6,6,25,1
1,563,223,1,5,5,5,5,5,5,2,2,2,2,2,2,3,3,4,3,3,5,3,3,4,5,6,4,3,6,5,5,4,4,5,4,7,6,7,2,7,3,7,7,7,7,7,7,4,7,4,4,7,7,5,5,7,6,3,3,5,5,4,2,5,5,4,5,5,5,5,5,5,4,3,4,4,4,4,4,23,1,3,2,24,1
1,547,224,1,3,3,3,3,3,3,4,4,4,4,5,4,5,1,4,1,2,5,2,5,2,2,2,1,3,2,2,3,5,2,5,4,5,5,3,7,7,7,7,7,7,7,7,7,7,7,7,7,7,2,3,2,3,2,5,5,4,4,5,3,3,1,5,4,4,5,5,5,5,5,4,4,2,4,5,4,25,1,6,5,21,1
1,561,225,1,2,3,3,2,3,3,4,4,4,4,4,1,4,2,4,1,1,4,2,4,5,3,3,2,5,5,3,4,2,2,5,4,5,5,5,6,5,5,7,5,7,5,5,5,5,5,5,5,5,3,6,6,3,5,3,2,3,2,4,2,4,4,4,4,5,5,5,5,5,2,3,2,2,2,3,2,26,1,6,4,15,1
1,987,226,1,5,4,5,4,4,4,1,1,1,2,1,3,3,2,4,4,2,4,3,4,6,5,2,1,1,5,1,4,1,1,6,4,7,7,6,4,5,5,5,5,5,5,3,7,5,5,5,5,5,7,7,6,6,5,3,5,4,4,4,1,4,4,2,4,5,5,5,5,5,1,1,2,2,1,4,2,26,1,6,3,27,1
0,522,227,1,4,5,4,4,3,4,3,2,2,2,1,1,3,2,3,2,1,4,2,3,5,4,2,2,2,5,1,4,2,4,5,4,6,6,5,1,7,3,6,6,6,5,6,5,6,6,6,5,6,5,6,5,5,5,3,3,4,3,2,2,4,4,2,4,4,5,4,4,4,2,2,3,3,2,4,2,40,1,6,7,40,1
1,1744,228,1,3,3,2,3,2,3,4,3,4,3,2,3,2,4,2,4,4,3,4,2,6,5,5,3,2,2,3,3,4,5,2,4,5,3,3,5,3,3,7,7,7,7,7,7,7,7,7,7,7,2,6,5,2,5,5,5,5,4,4,2,5,4,3,4,4,4,5,4,5,4,3,4,3,4,5,3,24,1,5,4,26,1
1,2131,229,1,4,4,4,3,4,3,2,2,3,3,3,2,1,5,1,5,5,1,5,2,2,5,5,4,5,5,4,4,4,3,5,4,6,6,6,2,2,1,7,7,7,7,6,6,7,7,7,7,7,7,7,7,5,6,5,5,4,4,3,2,4,4,3,5,4,4,5,5,5,3,3,3,4,3,2,4,36,1,5,3,24,1
1,830,230,1,4,4,4,4,3,4,3,2,2,1,1,2,4,3,4,2,2,4,2,4,5,1,1,2,3,6,2,4,2,2,6,4,7,7,7,2,1,1,7,7,7,7,7,7,7,7,7,7,7,5,5,5,5,6,5,5,5,5,5,1,5,5,3,5,4,4,5,5,5,2,4,2,2,2,2,3,24,1,3,3,18,1
0,583,231,1,3,3,2,3,3,3,4,4,4,4,4,4,5,1,5,1,1,5,1,4,6,6,2,1,2,5,4,6,2,2,6,4,4,5,3,6,5,6,7,7,7,7,7,7,6,6,6,6,6,6,6,6,6,6,5,4,5,4,4,2,5,5,4,5,5,5,5,5,5,4,4,2,4,3,3,4,23,1,5,3,24,1
1,916,232,1,4,4,4,4,4,3,2,2,2,2,2,2,1,4,1,4,4,3,5,2,5,5,3,5,5,6,5,5,5,3,7,4,5,5,3,3,5,5,6,6,6,6,6,6,5,5,5,5,5,7,5,7,7,1,1,1,4,4,2,2,4,4,4,4,4,2,4,4,4,2,2,2,2,2,2,2,43,2,7,5,33,0
0,456,233,1,3,3,2,4,4,4,3,3,3,2,2,1,2,3,1,4,3,3,4,2,2,5,1,1,2,6,4,4,1,1,7,4,3,3,4,4,1,1,6,7,7,7,7,7,7,5,7,7,7,5,7,6,6,7,5,5,5,5,5,1,5,5,4,4,4,4,5,5,5,2,3,1,4,1,1,1,31,1,6,4,13,1
1,615,234,1,3,3,4,3,2,4,2,3,2,2,2,2,2,3,2,4,4,3,4,2,6,6,5,1,2,6,3,6,2,2,7,4,6,6,7,2,3,2,5,4,5,5,5,4,6,5,5,5,4,6,7,6,6,4,2,2,4,3,4,4,4,5,4,4,2,3,4,4,3,3,4,4,4,4,4,4,50,2,3,4,5,0
0,45398,235,1,4,4,4,4,3,4,2,2,2,3,1,1,3,4,2,4,3,2,4,3,6,5,2,2,2,6,1,6,2,1,6,4,6,6,5,2,3,1,7,7,7,7,7,7,7,7,7,7,7,5,6,5,5,7,6,5,4,3,5,2,4,4,3,5,5,5,5,4,5,3,3,3,4,3,2,4,53,1,2,6,1,1
1,547,236,1,5,4,4,3,2,5,2,2,3,1,1,1,3,2,3,2,1,5,2,4,7,7,1,1,1,7,4,7,1,1,7,4,7,7,7,2,1,1,6,3,1,1,7,5,6,7,2,7,6,6,5,6,4,5,1,1,4,3,2,3,1,1,5,1,1,4,5,5,2,1,4,1,5,1,3,2,26,2,5,3,4,0
0,1087,237,1,3,4,3,4,3,4,3,2,2,3,1,1,4,1,3,4,2,4,3,4,6,5,4,1,1,6,5,6,5,1,7,4,6,6,7,1,1,1,7,7,7,7,7,7,7,7,7,7,7,7,7,7,7,7,7,7,4,4,5,1,5,5,5,4,3,5,5,3,5,4,4,4,5,3,2,5,28,1,6,5,32,1
1,642,238,1,3,3,2,2,2,2,4,4,2,4,1,1,5,1,5,1,1,5,1,5,5,3,1,1,5,2,2,3,5,3,5,4,2,3,5,6,1,3,7,7,7,5,5,5,6,7,6,6,7,6,6,5,6,6,6,5,5,4,3,2,5,5,3,4,5,5,5,5,5,4,4,2,4,2,2,4,26,1,6,4,29,1
0,124,239,1,4,4,4,4,3,3,3,3,2,3,2,2,4,3,4,2,2,4,2,4,NA,NA,NA,NA,NA,NA,NA,NA,NA,NA,NA,NA,NA,NA,NA,NA,NA,NA,NA,NA,NA,NA,NA,NA,NA,NA,NA,NA,NA,NA,NA,NA,NA,NA,NA,NA,NA,NA,NA,NA,NA,NA,NA,NA,NA,NA,NA,NA,NA,NA,NA,NA,NA,NA,NA,NA,NA,NA,NA,NA,NA,NA
0,57,240,NA,NA,NA,NA,NA,NA,NA,NA,NA,NA,NA,NA,NA,NA,NA,NA,NA,NA,NA,NA,NA,NA,NA,NA,NA,NA,NA,NA,NA,NA,NA,NA,NA,NA,NA,NA,NA,NA,NA,NA,NA,NA,NA,NA,NA,NA,NA,NA,NA,NA,NA,NA,NA,NA,NA,NA,NA,NA,NA,NA,NA,NA,NA,NA,NA,NA,NA,NA,NA,NA,NA,NA,NA,NA,NA,NA,NA,NA,NA,NA,NA,NA,NA
0,5666,241,1,4,4,4,3,3,4,2,3,3,3,3,2,4,2,4,3,2,3,3,4,NA,NA,NA,NA,NA,NA,NA,NA,NA,NA,NA,NA,NA,NA,NA,NA,NA,NA,NA,NA,NA,NA,NA,NA,NA,NA,NA,NA,NA,NA,NA,NA,NA,NA,NA,NA,NA,NA,NA,NA,NA,NA,NA,NA,NA,NA,NA,NA,NA,NA,NA,NA,NA,NA,NA,NA,NA,NA,NA,NA,NA,NA
0,12,242,NA,NA,NA,NA,NA,NA,NA,NA,NA,NA,NA,NA,NA,NA,NA,NA,NA,NA,NA,NA,NA,NA,NA,NA,NA,NA,NA,NA,NA,NA,NA,NA,NA,NA,NA,NA,NA,NA,NA,NA,NA,NA,NA,NA,NA,NA,NA,NA,NA,NA,NA,NA,NA,NA,NA,NA,NA,NA,NA,NA,NA,NA,NA,NA,NA,NA,NA,NA,NA,NA,NA,NA,NA,NA,NA,NA,NA,NA,NA,NA,NA,NA,NA
1,19,243,1,NA,NA,NA,NA,NA,NA,NA,NA,NA,NA,NA,NA,NA,NA,NA,NA,NA,NA,NA,NA,NA,NA,NA,NA,NA,NA,NA,NA,NA,NA,NA,NA,NA,NA,NA,NA,NA,NA,NA,NA,NA,NA,NA,NA,NA,NA,NA,NA,NA,NA,NA,NA,NA,NA,NA,NA,NA,NA,NA,NA,NA,NA,NA,NA,NA,NA,NA,NA,NA,NA,NA,NA,NA,NA,NA,NA,NA,NA,NA,NA,NA,NA
1,4143,244,1,NA,NA,NA,NA,NA,NA,NA,NA,NA,NA,NA,NA,NA,NA,NA,NA,NA,NA,NA,NA,NA,NA,NA,NA,NA,NA,NA,NA,NA,NA,NA,NA,NA,NA,NA,NA,NA,NA,NA,NA,NA,NA,NA,NA,NA,NA,NA,NA,NA,NA,NA,NA,NA,NA,NA,NA,NA,NA,NA,NA,NA,NA,NA,NA,NA,NA,NA,NA,NA,NA,NA,NA,NA,NA,NA,NA,NA,NA,NA,NA,NA,NA
1,1042,245,1,4,4,4,4,3,4,3,3,3,3,2,1,NA,NA,NA,NA,NA,NA,NA,NA,NA,NA,NA,NA,NA,NA,NA,NA,NA,NA,NA,NA,NA,NA,NA,NA,NA,NA,NA,NA,NA,NA,NA,NA,NA,NA,NA,NA,NA,NA,NA,NA,NA,NA,NA,NA,NA,NA,NA,NA,NA,NA,NA,NA,NA,NA,NA,NA,NA,NA,NA,NA,NA,NA,NA,NA,NA,NA,NA,NA,NA,NA
0,796,246,NA,NA,NA,NA,NA,NA,NA,NA,NA,NA,NA,NA,NA,NA,NA,NA,NA,NA,NA,NA,NA,NA,NA,NA,NA,NA,NA,NA,NA,NA,NA,NA,NA,NA,NA,NA,NA,NA,NA,NA,NA,NA,NA,NA,NA,NA,NA,NA,NA,NA,NA,NA,NA,NA,NA,NA,NA,NA,NA,NA,NA,NA,NA,NA,NA,NA,NA,NA,NA,NA,NA,NA,NA,NA,NA,NA,NA,NA,NA,NA,NA,NA,NA
0,142,247,1,3,3,3,3,2,2,4,4,4,4,1,2,NA,NA,NA,NA,NA,NA,NA,NA,NA,NA,NA,NA,NA,NA,NA,NA,NA,NA,NA,NA,NA,NA,NA,NA,NA,NA,NA,NA,NA,NA,NA,NA,NA,NA,NA,NA,NA,NA,NA,NA,NA,NA,NA,NA,NA,NA,NA,NA,NA,NA,NA,NA,NA,NA,NA,NA,NA,NA,NA,NA,NA,NA,NA,NA,NA,NA,NA,NA,NA,NA
0,908,248,1,4,4,4,4,3,4,2,2,2,2,3,2,NA,NA,NA,NA,NA,NA,NA,NA,NA,NA,NA,NA,NA,NA,NA,NA,NA,NA,NA,NA,NA,NA,NA,NA,NA,NA,NA,NA,NA,NA,NA,NA,NA,NA,NA,NA,NA,NA,NA,NA,NA,NA,NA,NA,NA,NA,NA,NA,NA,NA,NA,NA,NA,NA,NA,NA,NA,NA,NA,NA,NA,NA,NA,NA,NA,NA,NA,NA,NA,NA
NA,1533,249,NA,NA,NA,NA,NA,NA,NA,NA,NA,NA,NA,NA,NA,NA,NA,NA,NA,NA,NA,NA,NA,NA,NA,NA,NA,NA,NA,NA,NA,NA,NA,NA,NA,NA,NA,NA,NA,NA,NA,NA,NA,NA,NA,NA,NA,NA,NA,NA,NA,NA,NA,NA,NA,NA,NA,NA,NA,NA,NA,NA,NA,NA,NA,NA,NA,NA,NA,NA,NA,NA,NA,NA,NA,NA,NA,NA,NA,NA,NA,NA,NA,NA,NA
1,1038983,250,1,NA,NA,NA,NA,NA,NA,NA,NA,NA,NA,NA,NA,NA,NA,NA,NA,NA,NA,NA,NA,NA,NA,NA,NA,NA,NA,NA,NA,NA,NA,NA,NA,NA,NA,NA,NA,NA,NA,NA,NA,NA,NA,NA,NA,NA,NA,NA,NA,NA,NA,NA,NA,NA,NA,NA,NA,NA,NA,NA,NA,NA,NA,NA,NA,NA,NA,NA,NA,NA,NA,NA,NA,NA,NA,NA,NA,NA,NA,NA,NA,NA,NA
1,158,251,1,5,4,3,5,3,5,1,4,3,5,1,3,2,5,1,3,2,5,3,1,NA,NA,NA,NA,NA,NA,NA,NA,NA,NA,NA,NA,NA,NA,NA,NA,NA,NA,NA,NA,NA,NA,NA,NA,NA,NA,NA,NA,NA,NA,NA,NA,NA,NA,NA,NA,NA,NA,NA,NA,NA,NA,NA,NA,NA,NA,NA,NA,NA,NA,NA,NA,NA,NA,NA,NA,NA,NA,NA,NA,NA,NA
1,2131,252,1,3,2,2,3,3,3,4,5,4,1,3,1,1,4,1,2,3,1,2,1,6,1,5,1,1,2,4,7,1,1,7,4,6,7,7,1,1,1,5,2,7,6,6,5,7,7,6,7,5,4,7,2,5,6,3,5,NA,NA,NA,NA,NA,NA,NA,NA,NA,NA,NA,NA,NA,NA,NA,NA,NA,NA,NA,NA,NA,NA,NA,NA,NA,NA
1,10963,253,1,4,4,4,3,3,4,3,3,2,1,1,2,1,1,1,4,4,2,3,1,3,4,1,5,1,2,2,4,1,2,6,4,2,2,2,6,7,5,NA,NA,NA,NA,NA,NA,NA,NA,NA,NA,NA,NA,NA,NA,NA,NA,NA,NA,NA,NA,NA,NA,NA,NA,NA,NA,NA,NA,NA,NA,NA,NA,NA,NA,NA,NA,NA,NA,NA,NA,NA,NA,NA,NA
1,13,254,NA,NA,NA,NA,NA,NA,NA,NA,NA,NA,NA,NA,NA,NA,NA,NA,NA,NA,NA,NA,NA,NA,NA,NA,NA,NA,NA,NA,NA,NA,NA,NA,NA,NA,NA,NA,NA,NA,NA,NA,NA,NA,NA,NA,NA,NA,NA,NA,NA,NA,NA,NA,NA,NA,NA,NA,NA,NA,NA,NA,NA,NA,NA,NA,NA,NA,NA,NA,NA,NA,NA,NA,NA,NA,NA,NA,NA,NA,NA,NA,NA,NA,NA
